dataset,C_DC_5,C_SC_9,bucket,n,min_value,max_value,share
Aretail,1,1,Top 25% (>= Q3),0,,,0
Aretail,1,1,Zero (== 0),2164,0,0,57.6
Aretail,1,1,< 0.5 (non-zero),793,0.000185251,0.499637008,21.1
Aretail,1,1,0.5 to < Q3,798,0.503301322,4.313121319,21.3
Aretail,1,2,Top 25% (>= Q3),188,6.221045017,14.05615902,0.9
Aretail,1,2,Zero (== 0),8431,0,0,41.2
Aretail,1,2,< 0.5 (non-zero),4341,2.00272E-05,0.499653935,21.2
Aretail,1,2,0.5 to < Q3,7524,0.500003397,6.15794754,36.7
Aretail,1,3,Top 25% (>= Q3),282,6.36530447,32.65491867,2.1
Aretail,1,3,Zero (== 0),6790,0,0,51.5
Aretail,1,3,< 0.5 (non-zero),2441,0.000101328,0.499067783,18.5
Aretail,1,3,0.5 to < Q3,3667,0.500571549,6.122162819,27.9
Aretail,1,4,Top 25% (>= Q3),18,6.227926731,6.746332645,0.5
Aretail,1,4,Zero (== 0),151,0,0,4.2
Aretail,1,4,< 0.5 (non-zero),744,0.000673652,0.499377966,20.8
Aretail,1,4,0.5 to < Q3,2661,0.50131464,6.162819862,74.5
Aretail,1,5,Top 25% (>= Q3),40,6.312889099,13.20882893,0.7
Aretail,1,5,Zero (== 0),3960,0,0,65.2
Aretail,1,5,< 0.5 (non-zero),1081,6.49691E-05,0.499484539,17.8
Aretail,1,5,0.5 to < Q3,993,0.500004649,6.121399403,16.3
Aretail,1,6,Top 25% (>= Q3),455,6.215984344,14.0934248,3.4
Aretail,1,6,Zero (== 0),4145,0,0,31.1
Aretail,1,6,< 0.5 (non-zero),2685,0.000427008,0.499844134,20.1
Aretail,1,6,0.5 to < Q3,6058,0.5001176,6.212750435,45.4
Aretail,2,1,Top 25% (>= Q3),1825,6.218437195,35.6824646,5.1
Aretail,2,1,Zero (== 0),9192,0,0,25.7
Aretail,2,1,< 0.5 (non-zero),6049,2.34246E-05,0.499966204,16.9
Aretail,2,1,0.5 to < Q3,18757,0.500229418,6.21368742,52.3
Aretail,2,2,Top 25% (>= Q3),455,6.219008446,27.28068924,2.9
Aretail,2,2,Zero (== 0),4785,0,0,30.3
Aretail,2,2,< 0.5 (non-zero),2529,0.000635922,0.499946177,16
Aretail,2,2,0.5 to < Q3,8015,0.500149012,6.200253487,50.8
Aretail,2,3,Top 25% (>= Q3),548,6.275431156,49.11703491,16.5
Aretail,2,3,Zero (== 0),1080,0,0,32.5
Aretail,2,3,< 0.5 (non-zero),1001,0.001784921,0.499234617,30.1
Aretail,2,3,0.5 to < Q3,697,0.500950098,6.189758301,20.9
Aretail,2,4,Top 25% (>= Q3),2639,6.214477062,24.46895981,10.6
Aretail,2,4,Zero (== 0),5915,0,0,23.6
Aretail,2,4,< 0.5 (non-zero),4159,7.77245E-05,0.499927282,16.6
Aretail,2,4,0.5 to < Q3,12298,0.500298262,6.212552547,49.2
Aretail,2,5,Top 25% (>= Q3),378,6.216037273,9.156892776,12
Aretail,2,5,Zero (== 0),786,0,0,25
Aretail,2,5,< 0.5 (non-zero),495,0.000816226,0.499167085,15.7
Aretail,2,5,0.5 to < Q3,1489,0.5010463,6.212395668,47.3
Aretail,2,6,Top 25% (>= Q3),588,6.216030121,28.68687248,5.2
Aretail,2,6,Zero (== 0),2438,0,0,21.7
Aretail,2,6,< 0.5 (non-zero),1993,0.000150502,0.499807119,17.7
Aretail,2,6,0.5 to < Q3,6240,0.500200212,6.213915348,55.4
Aretail,2,7,Top 25% (>= Q3),279,6.219152451,25.4696312,8.5
Aretail,2,7,Zero (== 0),775,0,0,23.5
Aretail,2,7,< 0.5 (non-zero),404,0.002958119,0.498226225,12.3
Aretail,2,7,0.5 to < Q3,1837,0.500942588,6.157171726,55.7
Aretail,3,1,Top 25% (>= Q3),1,6.336212635,6.336212635,0.4
Aretail,3,1,Zero (== 0),11,0,0,4.7
Aretail,3,1,< 0.5 (non-zero),10,0.051778376,0.465954959,4.3
Aretail,3,1,0.5 to < Q3,210,0.502960861,6.134192944,90.6
Aretail,3,2,Top 25% (>= Q3),8,6.380098343,9.223155022,0.2
Aretail,3,2,Zero (== 0),1501,0,0,33
Aretail,3,2,< 0.5 (non-zero),1275,0.000355661,0.499443531,28.1
Aretail,3,2,0.5 to < Q3,1759,0.500518322,6.178785324,38.7
Aretail,3,3,Top 25% (>= Q3),4,6.471475601,6.715079308,0.2
Aretail,3,3,Zero (== 0),1859,0,0,78
Aretail,3,3,< 0.5 (non-zero),237,0.001871645,0.496573865,9.9
Aretail,3,3,0.5 to < Q3,284,0.503232181,6.154093266,11.9
Aretail,3,4,Top 25% (>= Q3),135,6.220976353,13.75996399,5.1
Aretail,3,4,Zero (== 0),1820,0,0,68.5
Aretail,3,4,< 0.5 (non-zero),305,0.002059937,0.492791772,11.5
Aretail,3,4,0.5 to < Q3,395,0.500983179,6.20434618,14.9
Aretail,3,5,Top 25% (>= Q3),2,6.27226162,6.457208633,0.4
Aretail,3,5,Zero (== 0),476,0,0,85
Aretail,3,5,< 0.5 (non-zero),44,0.002014279,0.469445705,7.9
Aretail,3,5,0.5 to < Q3,38,0.545546412,6.16145277,6.7
Aretail,3,6,Top 25% (>= Q3),34,6.280707359,9.425990105,0.8
Aretail,3,6,Zero (== 0),2513,0,0,60.7
Aretail,3,6,< 0.5 (non-zero),525,0.000976801,0.499152899,12.7
Aretail,3,6,0.5 to < Q3,1066,0.501495123,5.991798401,25.8
Aretail,4,1,Top 25% (>= Q3),1906,6.214448452,115.5747986,23.6
Aretail,4,1,Zero (== 0),1755,0,0,21.7
Aretail,4,1,< 0.5 (non-zero),1054,0.0003286,0.499706745,13.1
Aretail,4,1,0.5 to < Q3,3359,0.500454783,6.183353424,41.6
Aretail,4,4,Top 25% (>= Q3),781,6.226062298,30.98924065,6.8
Aretail,4,4,Zero (== 0),1546,0,0,13.4
Aretail,4,4,< 0.5 (non-zero),1785,0.000507414,0.499476016,15.5
Aretail,4,4,0.5 to < Q3,7394,0.500083208,6.186569214,64.3
Aretail,4,5,Top 25% (>= Q3),0,,,0
Aretail,4,5,Zero (== 0),44,0,0,6.7
Aretail,4,5,< 0.5 (non-zero),33,0.012479424,0.499978602,5
Aretail,4,5,0.5 to < Q3,580,0.518046796,5.688053608,88.3
Aretail,4,6,Top 25% (>= Q3),7,6.214565277,6.457769871,0.4
Aretail,4,6,Zero (== 0),293,0,0,16.3
Aretail,4,6,< 0.5 (non-zero),343,0.000494421,0.498419881,19.1
Aretail,4,6,0.5 to < Q3,1154,0.505859494,6.206326485,64.2
Aretail,4,7,Top 25% (>= Q3),27558,6.214287758,197.5143585,17.9
Aretail,4,7,Zero (== 0),20265,0,0,13.1
Aretail,4,7,< 0.5 (non-zero),21876,1.16229E-05,0.499998629,14.2
Aretail,4,7,0.5 to < Q3,84586,0.500021577,6.213742256,54.8
Aretail,4,8,Top 25% (>= Q3),2526,6.216252804,30.58322334,33.2
Aretail,4,8,Zero (== 0),8,0,0,0.1
Aretail,4,8,< 0.5 (non-zero),312,0.002741218,0.499936104,4.1
Aretail,4,8,0.5 to < Q3,4770,0.500844717,6.212314129,62.6
Aretail,5,5,Top 25% (>= Q3),0,,,0
Aretail,5,5,Zero (== 0),3,0,0,12.5
Aretail,5,5,< 0.5 (non-zero),0,,,0
Aretail,5,5,0.5 to < Q3,21,2.194665909,4.127182961,87.5
Aretail,5,6,Top 25% (>= Q3),0,,,0
Aretail,5,6,Zero (== 0),24,0,0,31.6
Aretail,5,6,< 0.5 (non-zero),0,,,0
Aretail,5,6,0.5 to < Q3,52,0.536532521,4.663212299,68.4
Aretail,5,7,Top 25% (>= Q3),9951,6.215147018,203.7111969,32.2
Aretail,5,7,Zero (== 0),2123,0,0,6.9
Aretail,5,7,< 0.5 (non-zero),3051,6.91414E-06,0.499648154,9.9
Aretail,5,7,0.5 to < Q3,15785,0.500089049,6.213941574,51
Aretail,5,8,Top 25% (>= Q3),6180,6.21837759,110.0540466,72.3
Aretail,5,8,Zero (== 0),0,,,0
Aretail,5,8,< 0.5 (non-zero),97,0.012853026,0.496991396,1.1
Aretail,5,8,0.5 to < Q3,2265,0.501530349,6.213950157,26.6
Aretail,5,9,Top 25% (>= Q3),130352,6.214152336,180.1844635,37
Aretail,5,9,Zero (== 0),17522,0,0,5
Aretail,5,9,< 0.5 (non-zero),24917,6.13928E-06,0.499907196,7.1
Aretail,5,9,0.5 to < Q3,179713,0.500009179,6.214115143,50.9
Aleis,1,1,Top 25% (>= Q3),512,9.737026215,22.70089722,13.6
Aleis,1,1,Zero (== 0),1139,0,0,30.3
Aleis,1,1,< 0.5 (non-zero),248,0.001423538,0.499696553,6.6
Aleis,1,1,0.5 to < Q3,1856,0.507838726,9.72002697,49.5
Aleis,1,2,Top 25% (>= Q3),994,9.736279488,44.66266632,4.9
Aleis,1,2,Zero (== 0),2755,0,0,13.4
Aleis,1,2,< 0.5 (non-zero),2612,4.3571E-05,0.499963939,12.8
Aleis,1,2,0.5 to < Q3,14123,0.500031292,9.727526665,68.9
Aleis,1,3,Top 25% (>= Q3),577,9.739043236,34.5045929,4.4
Aleis,1,3,Zero (== 0),1704,0,0,12.9
Aleis,1,3,< 0.5 (non-zero),1671,0.000698209,0.499462843,12.7
Aleis,1,3,0.5 to < Q3,9228,0.500021577,9.733277321,70
Aleis,1,4,Top 25% (>= Q3),346,9.760149002,80.85090637,9.7
Aleis,1,4,Zero (== 0),483,0,0,13.5
Aleis,1,4,< 0.5 (non-zero),603,0.000520229,0.497996628,16.9
Aleis,1,4,0.5 to < Q3,2142,0.501294315,9.703069687,59.9
Aleis,1,5,Top 25% (>= Q3),69,9.847981453,19.74316406,1.1
Aleis,1,5,Zero (== 0),800,0,0,13.2
Aleis,1,5,< 0.5 (non-zero),764,0.000610232,0.499364495,12.6
Aleis,1,5,0.5 to < Q3,4441,0.500380039,9.733456612,73.1
Aleis,1,6,Top 25% (>= Q3),2206,9.734498978,37.93225098,16.5
Aleis,1,6,Zero (== 0),705,0,0,5.3
Aleis,1,6,< 0.5 (non-zero),1061,4.85778E-05,0.499363661,8
Aleis,1,6,0.5 to < Q3,9371,0.500497818,9.733426094,70.2
Aleis,2,1,Top 25% (>= Q3),3578,9.735010147,36.11077118,10
Aleis,2,1,Zero (== 0),710,0,0,2
Aleis,2,1,< 0.5 (non-zero),2027,8.36849E-05,0.499946117,5.7
Aleis,2,1,0.5 to < Q3,29508,0.500228524,9.732751846,82.3
Aleis,2,2,Top 25% (>= Q3),1450,9.736532211,46.74581909,9.2
Aleis,2,2,Zero (== 0),334,0,0,2.1
Aleis,2,2,< 0.5 (non-zero),817,0.000102818,0.499989629,5.2
Aleis,2,2,0.5 to < Q3,13183,0.50192523,9.731333733,83.5
Aleis,2,3,Top 25% (>= Q3),720,9.738275528,63.54762268,21.6
Aleis,2,3,Zero (== 0),230,0,0,6.9
Aleis,2,3,< 0.5 (non-zero),249,0.002725005,0.495278716,7.5
Aleis,2,3,0.5 to < Q3,2127,0.508895636,9.661680222,64
Aleis,2,4,Top 25% (>= Q3),2890,9.734335899,48.2326889,11.6
Aleis,2,4,Zero (== 0),470,0,0,1.9
Aleis,2,4,< 0.5 (non-zero),1155,0.000121534,0.499992847,4.6
Aleis,2,4,0.5 to < Q3,20496,0.500083685,9.733403206,81.9
Aleis,2,5,Top 25% (>= Q3),793,9.734445572,26.6369648,25.2
Aleis,2,5,Zero (== 0),48,0,0,1.5
Aleis,2,5,< 0.5 (non-zero),82,0.021511734,0.494949102,2.6
Aleis,2,5,0.5 to < Q3,2225,0.501516402,9.721486092,70.7
Aleis,2,6,Top 25% (>= Q3),1338,9.744197845,49.30780792,11.9
Aleis,2,6,Zero (== 0),335,0,0,3
Aleis,2,6,< 0.5 (non-zero),648,0.001169622,0.49985069,5.8
Aleis,2,6,0.5 to < Q3,8938,0.500396967,9.730340004,79.3
Aleis,2,7,Top 25% (>= Q3),865,9.734406471,26.92257118,26.3
Aleis,2,7,Zero (== 0),17,0,0,0.5
Aleis,2,7,< 0.5 (non-zero),288,0.000398457,0.496808171,8.7
Aleis,2,7,0.5 to < Q3,2125,0.500697255,9.729307175,64.5
Aleis,3,1,Top 25% (>= Q3),12,27.12228966,54.25599289,5.2
Aleis,3,1,Zero (== 0),114,0,0,49.1
Aleis,3,1,< 0.5 (non-zero),52,0.00282073,0.49597168,22.4
Aleis,3,1,0.5 to < Q3,54,0.509962916,2.324905872,23.3
Aleis,3,2,Top 25% (>= Q3),280,9.735667229,20.79524422,6.2
Aleis,3,2,Zero (== 0),1156,0,0,25.4
Aleis,3,2,< 0.5 (non-zero),952,7.34925E-05,0.499884188,21
Aleis,3,2,0.5 to < Q3,2155,0.500060916,9.724318504,47.4
Aleis,3,3,Top 25% (>= Q3),0,,,0
Aleis,3,3,Zero (== 0),340,0,0,14.3
Aleis,3,3,< 0.5 (non-zero),755,5.13792E-05,0.499177098,31.7
Aleis,3,3,0.5 to < Q3,1289,0.500006676,8.179590225,54
Aleis,3,4,Top 25% (>= Q3),14,11.11345577,14.23209381,0.5
Aleis,3,4,Zero (== 0),835,0,0,31.5
Aleis,3,4,< 0.5 (non-zero),372,0.000830531,0.499922693,14
Aleis,3,4,0.5 to < Q3,1434,0.500255942,9.112559319,54
Aleis,3,5,Top 25% (>= Q3),5,10.13593292,17.64320374,0.9
Aleis,3,5,Zero (== 0),366,0,0,65.4
Aleis,3,5,< 0.5 (non-zero),86,0.001542926,0.492423773,15.4
Aleis,3,5,0.5 to < Q3,103,0.501029134,9.725129128,18.3
Aleis,3,6,Top 25% (>= Q3),111,9.890774727,47.40030289,2.7
Aleis,3,6,Zero (== 0),1475,0,0,35.6
Aleis,3,6,< 0.5 (non-zero),852,0.000346124,0.499544144,20.6
Aleis,3,6,0.5 to < Q3,1700,0.500159919,9.729557037,41.1
Aleis,4,1,Top 25% (>= Q3),1494,9.736240387,61.10839081,18.5
Aleis,4,1,Zero (== 0),72,0,0,0.9
Aleis,4,1,< 0.5 (non-zero),392,0.001304388,0.499123335,4.9
Aleis,4,1,0.5 to < Q3,6116,0.501844645,9.730035782,75.7
Aleis,4,4,Top 25% (>= Q3),2788,9.738649368,31.74602509,24.2
Aleis,4,4,Zero (== 0),354,0,0,3.1
Aleis,4,4,< 0.5 (non-zero),821,0.000578284,0.498100519,7.1
Aleis,4,4,0.5 to < Q3,7543,0.503569663,9.73281765,65.6
Aleis,4,5,Top 25% (>= Q3),0,,,0
Aleis,4,5,Zero (== 0),0,,,0
Aleis,4,5,< 0.5 (non-zero),0,,,0
Aleis,4,5,0.5 to < Q3,657,0.59045881,8.534964561,100
Aleis,4,6,Top 25% (>= Q3),383,9.740315437,20.18572235,21.3
Aleis,4,6,Zero (== 0),0,,,0
Aleis,4,6,< 0.5 (non-zero),0,,,0
Aleis,4,6,0.5 to < Q3,1414,0.617478728,9.721871376,78.7
Aleis,4,7,Top 25% (>= Q3),35405,9.734241486,132.1474152,22.9
Aleis,4,7,Zero (== 0),2373,0,0,1.5
Aleis,4,7,< 0.5 (non-zero),4890,0.000178337,0.499841452,3.2
Aleis,4,7,0.5 to < Q3,111617,0.500049055,9.734186172,72.4
Aleis,4,8,Top 25% (>= Q3),2560,9.735555649,28.65774536,33.6
Aleis,4,8,Zero (== 0),53,0,0,0.7
Aleis,4,8,< 0.5 (non-zero),276,0.003880024,0.498935163,3.6
Aleis,4,8,0.5 to < Q3,4727,0.507500231,9.731797218,62.1
Aleis,5,5,Top 25% (>= Q3),0,,,0
Aleis,5,5,Zero (== 0),0,,,0
Aleis,5,5,< 0.5 (non-zero),0,,,0
Aleis,5,5,0.5 to < Q3,24,1.260761976,5.002533436,100
Aleis,5,6,Top 25% (>= Q3),7,9.741035461,10.71988392,9.2
Aleis,5,6,Zero (== 0),0,,,0
Aleis,5,6,< 0.5 (non-zero),5,0.119992554,0.271444142,6.6
Aleis,5,6,0.5 to < Q3,64,2.085075378,9.437093735,84.2
Aleis,5,7,Top 25% (>= Q3),8043,9.73620224,140.6445007,26
Aleis,5,7,Zero (== 0),771,0,0,2.5
Aleis,5,7,< 0.5 (non-zero),1730,0.000291109,0.499569416,5.6
Aleis,5,7,0.5 to < Q3,20366,0.500402868,9.733448029,65.9
Aleis,5,8,Top 25% (>= Q3),3579,9.738778114,54.71623611,41.9
Aleis,5,8,Zero (== 0),3,0,0,0
Aleis,5,8,< 0.5 (non-zero),43,0.005713105,0.49608475,0.5
Aleis,5,8,0.5 to < Q3,4917,0.515128195,9.731683731,57.6
Aleis,5,9,Top 25% (>= Q3),116121,9.73432827,137.5257721,32.9
Aleis,5,9,Zero (== 0),1810,0,0,0.5
Aleis,5,9,< 0.5 (non-zero),6528,0.000383437,0.499829531,1.9
Aleis,5,9,0.5 to < Q3,228045,0.500043452,9.734220505,64.7
Ahealth,1,1,Top 25% (>= Q3),0,,,0
Ahealth,1,1,Zero (== 0),3565,0,0,94.9
Ahealth,1,1,< 0.5 (non-zero),181,0.000238419,0.479074836,4.8
Ahealth,1,1,0.5 to < Q3,9,0.500352025,0.659152508,0.3
Ahealth,1,2,Top 25% (>= Q3),436,0.779410958,1.669436812,2.1
Ahealth,1,2,Zero (== 0),17211,0,0,84
Ahealth,1,2,< 0.5 (non-zero),2382,3.71933E-05,0.498140574,11.6
Ahealth,1,2,0.5 to < Q3,455,0.500024378,0.778906107,2.3
Ahealth,1,3,Top 25% (>= Q3),806,0.779134035,4.01859951,6.1
Ahealth,1,3,Zero (== 0),11040,0,0,83.8
Ahealth,1,3,< 0.5 (non-zero),936,0.000181556,0.499295413,7.1
Ahealth,1,3,0.5 to < Q3,398,0.500502706,0.778492391,3
Ahealth,1,4,Top 25% (>= Q3),34,0.782288909,1.479220629,1
Ahealth,1,4,Zero (== 0),2934,0,0,82.1
Ahealth,1,4,< 0.5 (non-zero),512,0.000420928,0.498285651,14.3
Ahealth,1,4,0.5 to < Q3,94,0.50475347,0.772736967,2.6
Ahealth,1,5,Top 25% (>= Q3),0,,,0
Ahealth,1,5,Zero (== 0),5703,0,0,93.9
Ahealth,1,5,< 0.5 (non-zero),328,0.000183821,0.499329507,5.4
Ahealth,1,5,0.5 to < Q3,43,0.503531218,0.691764832,0.7
Ahealth,1,6,Top 25% (>= Q3),1014,0.779073298,2.471895933,7.6
Ahealth,1,6,Zero (== 0),10676,0,0,80
Ahealth,1,6,< 0.5 (non-zero),966,0.000816405,0.499154389,7.2
Ahealth,1,6,0.5 to < Q3,687,0.500379443,0.778445363,5.2
Ahealth,2,1,Top 25% (>= Q3),2639,0.779266655,4.088876247,7.4
Ahealth,2,1,Zero (== 0),24957,0,0,69.7
Ahealth,2,1,< 0.5 (non-zero),5781,0.000225544,0.499921978,16.1
Ahealth,2,1,0.5 to < Q3,2446,0.50017339,0.778943419,6.8
Ahealth,2,2,Top 25% (>= Q3),1923,0.779222429,2.680338383,12.2
Ahealth,2,2,Zero (== 0),9582,0,0,60.7
Ahealth,2,2,< 0.5 (non-zero),3312,2.38419E-07,0.499603987,21
Ahealth,2,2,0.5 to < Q3,967,0.500025153,0.779024184,6.1
Ahealth,2,3,Top 25% (>= Q3),693,1.091091275,5.301528454,20.8
Ahealth,2,3,Zero (== 0),2395,0,0,72
Ahealth,2,3,< 0.5 (non-zero),209,0.001915395,0.499935985,6.3
Ahealth,2,3,0.5 to < Q3,29,0.501116097,0.775147796,0.9
Ahealth,2,4,Top 25% (>= Q3),3632,0.779423952,4.697291851,14.5
Ahealth,2,4,Zero (== 0),14352,0,0,57.4
Ahealth,2,4,< 0.5 (non-zero),4347,1.49608E-05,0.49996227,17.4
Ahealth,2,4,0.5 to < Q3,2680,0.500133634,0.77877754,10.7
Ahealth,2,5,Top 25% (>= Q3),807,0.789469004,2.278992653,25.6
Ahealth,2,5,Zero (== 0),1629,0,0,51.7
Ahealth,2,5,< 0.5 (non-zero),486,0.043003261,0.499570966,15.4
Ahealth,2,5,0.5 to < Q3,226,0.500427485,0.777402103,7.3
Ahealth,2,6,Top 25% (>= Q3),1180,0.779596329,2.48933363,10.5
Ahealth,2,6,Zero (== 0),7982,0,0,70.9
Ahealth,2,6,< 0.5 (non-zero),1512,0.00060451,0.499933481,13.4
Ahealth,2,6,0.5 to < Q3,585,0.501401186,0.778382659,5.2
Ahealth,2,7,Top 25% (>= Q3),980,0.779408038,3.184710979,29.7
Ahealth,2,7,Zero (== 0),1595,0,0,48.4
Ahealth,2,7,< 0.5 (non-zero),571,0.000137508,0.497721314,17.3
Ahealth,2,7,0.5 to < Q3,149,0.50152868,0.778227389,4.6
Ahealth,3,1,Top 25% (>= Q3),0,,,0
Ahealth,3,1,Zero (== 0),232,0,0,100
Ahealth,3,1,< 0.5 (non-zero),0,,,0
Ahealth,3,1,0.5 to < Q3,0,,,0
Ahealth,3,2,Top 25% (>= Q3),19,0.793404341,1.515016794,0.4
Ahealth,3,2,Zero (== 0),4339,0,0,95.5
Ahealth,3,2,< 0.5 (non-zero),169,0.002420068,0.492714405,3.7
Ahealth,3,2,0.5 to < Q3,16,0.51332128,0.774027586,0.4
Ahealth,3,3,Top 25% (>= Q3),0,,,0
Ahealth,3,3,Zero (== 0),2373,0,0,99.5
Ahealth,3,3,< 0.5 (non-zero),10,0.015620232,0.494560122,0.4
Ahealth,3,3,0.5 to < Q3,1,0.508137286,0.508137286,0.1
Ahealth,3,4,Top 25% (>= Q3),0,,,0
Ahealth,3,4,Zero (== 0),2643,0,0,99.5
Ahealth,3,4,< 0.5 (non-zero),9,0.009997606,0.396925151,0.3
Ahealth,3,4,0.5 to < Q3,3,0.537073553,0.62435782,0.2
Ahealth,3,5,Top 25% (>= Q3),0,,,0
Ahealth,3,5,Zero (== 0),560,0,0,100
Ahealth,3,5,< 0.5 (non-zero),0,,,0
Ahealth,3,5,0.5 to < Q3,0,,,0
Ahealth,3,6,Top 25% (>= Q3),0,,,0
Ahealth,3,6,Zero (== 0),4117,0,0,99.5
Ahealth,3,6,< 0.5 (non-zero),21,0.000522316,0.192336857,0.5
Ahealth,3,6,0.5 to < Q3,0,,,0
Ahealth,4,1,Top 25% (>= Q3),1767,0.779513299,4.564098835,21.9
Ahealth,4,1,Zero (== 0),3629,0,0,44.9
Ahealth,4,1,< 0.5 (non-zero),1855,4.3273E-05,0.499705315,23
Ahealth,4,1,0.5 to < Q3,823,0.500070333,0.778701901,10.2
Ahealth,4,4,Top 25% (>= Q3),742,0.779170036,2.2105093,6.4
Ahealth,4,4,Zero (== 0),6020,0,0,52.3
Ahealth,4,4,< 0.5 (non-zero),3257,3.92199E-05,0.499968648,28.3
Ahealth,4,4,0.5 to < Q3,1487,0.500007033,0.778971553,13
Ahealth,4,5,Top 25% (>= Q3),0,,,0
Ahealth,4,5,Zero (== 0),229,0,0,34.9
Ahealth,4,5,< 0.5 (non-zero),421,0.000605345,0.496165812,64.1
Ahealth,4,5,0.5 to < Q3,7,0.502685666,0.525439739,1
Ahealth,4,6,Top 25% (>= Q3),783,0.783156157,2.433173418,43.6
Ahealth,4,6,Zero (== 0),498,0,0,27.7
Ahealth,4,6,< 0.5 (non-zero),264,0.0057531,0.499140978,14.7
Ahealth,4,6,0.5 to < Q3,252,0.502421796,0.777445734,14
Ahealth,4,7,Top 25% (>= Q3),34802,0.779049218,5.013631821,22.6
Ahealth,4,7,Zero (== 0),72115,0,0,46.7
Ahealth,4,7,< 0.5 (non-zero),33638,1.0252E-05,0.499997735,21.8
Ahealth,4,7,0.5 to < Q3,13730,0.500041246,0.778994739,8.9
Ahealth,4,8,Top 25% (>= Q3),1752,0.779101133,4.722124577,23
Ahealth,4,8,Zero (== 0),2139,0,0,28.1
Ahealth,4,8,< 0.5 (non-zero),3139,0.000354707,0.49879986,41.2
Ahealth,4,8,0.5 to < Q3,586,0.500370264,0.778699636,7.7
Ahealth,5,5,Top 25% (>= Q3),21,1.130898356,2.152185917,87.5
Ahealth,5,5,Zero (== 0),3,0,0,12.5
Ahealth,5,5,< 0.5 (non-zero),0,,,0
Ahealth,5,5,0.5 to < Q3,0,,,0
Ahealth,5,6,Top 25% (>= Q3),12,0.779440999,0.836580992,15.8
Ahealth,5,6,Zero (== 0),24,0,0,31.6
Ahealth,5,6,< 0.5 (non-zero),10,0.03676939,0.460851312,13.2
Ahealth,5,6,0.5 to < Q3,30,0.540139437,0.778246164,39.4
Ahealth,5,7,Top 25% (>= Q3),9378,0.779040933,3.997558117,30.3
Ahealth,5,7,Zero (== 0),12548,0,0,40.6
Ahealth,5,7,< 0.5 (non-zero),6410,4.65512E-05,0.499723613,20.7
Ahealth,5,7,0.5 to < Q3,2574,0.500189841,0.778779387,8.4
Ahealth,5,8,Top 25% (>= Q3),4514,0.779277086,5.340192795,52.8
Ahealth,5,8,Zero (== 0),1234,0,0,14.4
Ahealth,5,8,< 0.5 (non-zero),2191,7.47442E-05,0.499235392,25.6
Ahealth,5,8,0.5 to < Q3,603,0.500453472,0.777124941,7.2
Ahealth,5,9,Top 25% (>= Q3),119206,0.779041231,7.082971573,33.8
Ahealth,5,9,Zero (== 0),70096,0,0,19.9
Ahealth,5,9,< 0.5 (non-zero),108879,2.74181E-06,0.499999583,30.9
Ahealth,5,9,0.5 to < Q3,54323,0.500003219,0.779034555,15.4
Arelig,1,1,Top 25% (>= Q3),140,0.705496252,1.449399352,3.7
Arelig,1,1,Zero (== 0),3075,0,0,81.9
Arelig,1,1,< 0.5 (non-zero),447,0.00172478,0.499885857,11.9
Arelig,1,1,0.5 to < Q3,93,0.500078082,0.704348505,2.5
Arelig,1,2,Top 25% (>= Q3),1420,0.705063343,2.105810881,6.9
Arelig,1,2,Zero (== 0),14052,0,0,68.6
Arelig,1,2,< 0.5 (non-zero),3955,4.94123E-05,0.499927044,19.3
Arelig,1,2,0.5 to < Q3,1057,0.500017285,0.704664469,5.2
Arelig,1,3,Top 25% (>= Q3),1994,0.705539107,3.577669859,15.1
Arelig,1,3,Zero (== 0),6973,0,0,52.9
Arelig,1,3,< 0.5 (non-zero),3132,0.000398815,0.499721408,23.8
Arelig,1,3,0.5 to < Q3,1081,0.500180662,0.704704881,8.2
Arelig,1,4,Top 25% (>= Q3),191,0.705231249,1.426252365,5.3
Arelig,1,4,Zero (== 0),2864,0,0,80.1
Arelig,1,4,< 0.5 (non-zero),493,0.000135005,0.498318315,13.8
Arelig,1,4,0.5 to < Q3,26,0.501245141,0.699507833,0.8
Arelig,1,5,Top 25% (>= Q3),1050,0.705209553,3.874903202,17.3
Arelig,1,5,Zero (== 0),3729,0,0,61.4
Arelig,1,5,< 0.5 (non-zero),991,0.000262499,0.499465108,16.3
Arelig,1,5,0.5 to < Q3,304,0.500264883,0.70468545,5
Arelig,1,6,Top 25% (>= Q3),999,0.705204129,2,7.5
Arelig,1,6,Zero (== 0),8861,0,0,66.4
Arelig,1,6,< 0.5 (non-zero),2598,0.00094074,0.499967337,19.5
Arelig,1,6,0.5 to < Q3,885,0.500241756,0.70481652,6.6
Arelig,2,1,Top 25% (>= Q3),8518,0.705111504,3.258927822,23.8
Arelig,2,1,Zero (== 0),11829,0,0,33
Arelig,2,1,< 0.5 (non-zero),10124,1.69873E-05,0.499937952,28.3
Arelig,2,1,0.5 to < Q3,5352,0.500071347,0.705034971,14.9
Arelig,2,2,Top 25% (>= Q3),4227,0.705206394,2.566774607,26.8
Arelig,2,2,Zero (== 0),7745,0,0,49.1
Arelig,2,2,< 0.5 (non-zero),2101,0.000444412,0.499892533,13.3
Arelig,2,2,0.5 to < Q3,1711,0.500058293,0.70487535,10.8
Arelig,2,3,Top 25% (>= Q3),1133,0.706542373,5.867862225,34.1
Arelig,2,3,Zero (== 0),1409,0,0,42.4
Arelig,2,3,< 0.5 (non-zero),651,2.72393E-05,0.499589682,19.6
Arelig,2,3,0.5 to < Q3,133,0.500058293,0.688826799,3.9
Arelig,2,4,Top 25% (>= Q3),1995,0.705129564,2.243857861,8
Arelig,2,4,Zero (== 0),15788,0,0,63.1
Arelig,2,4,< 0.5 (non-zero),5362,3.06368E-05,0.499919415,21.4
Arelig,2,4,0.5 to < Q3,1866,0.50014019,0.704964578,7.5
Arelig,2,5,Top 25% (>= Q3),909,0.705415726,2.492003679,28.9
Arelig,2,5,Zero (== 0),762,0,0,24.2
Arelig,2,5,< 0.5 (non-zero),854,4.41074E-05,0.499750733,27.1
Arelig,2,5,0.5 to < Q3,623,0.500050306,0.705003858,19.8
Arelig,2,6,Top 25% (>= Q3),1618,0.70526731,1.79451704,14.4
Arelig,2,6,Zero (== 0),5713,0,0,50.7
Arelig,2,6,< 0.5 (non-zero),2951,0.000579357,0.499287128,26.2
Arelig,2,6,0.5 to < Q3,977,0.500129819,0.704890192,8.7
Arelig,2,7,Top 25% (>= Q3),352,0.70505476,2.557226181,10.7
Arelig,2,7,Zero (== 0),1677,0,0,50.9
Arelig,2,7,< 0.5 (non-zero),991,0.000716686,0.499142885,30.1
Arelig,2,7,0.5 to < Q3,275,0.50029397,0.703778028,8.3
Arelig,3,1,Top 25% (>= Q3),3,0.742567599,0.961796224,1.3
Arelig,3,1,Zero (== 0),219,0,0,94.4
Arelig,3,1,< 0.5 (non-zero),9,0.024963677,0.354028165,3.9
Arelig,3,1,0.5 to < Q3,1,0.585794151,0.585794151,0.4
Arelig,3,2,Top 25% (>= Q3),86,0.710234284,1.466419816,1.9
Arelig,3,2,Zero (== 0),4304,0,0,94.7
Arelig,3,2,< 0.5 (non-zero),146,0.004746795,0.493171513,3.2
Arelig,3,2,0.5 to < Q3,7,0.524854779,0.670574784,0.2
Arelig,3,3,Top 25% (>= Q3),0,,,0
Arelig,3,3,Zero (== 0),2382,0,0,99.9
Arelig,3,3,< 0.5 (non-zero),2,0.260238349,0.272864461,0.1
Arelig,3,3,0.5 to < Q3,0,,,0
Arelig,3,4,Top 25% (>= Q3),12,0.715278029,1.121110678,0.5
Arelig,3,4,Zero (== 0),2423,0,0,91.3
Arelig,3,4,< 0.5 (non-zero),183,0.00026983,0.496653795,6.9
Arelig,3,4,0.5 to < Q3,37,0.522004604,0.684932351,1.3
Arelig,3,5,Top 25% (>= Q3),0,,,0
Arelig,3,5,Zero (== 0),549,0,0,98
Arelig,3,5,< 0.5 (non-zero),9,0.035940528,0.499252319,1.6
Arelig,3,5,0.5 to < Q3,2,0.502846122,0.522559881,0.4
Arelig,3,6,Top 25% (>= Q3),6,0.712573946,1.200503945,0.1
Arelig,3,6,Zero (== 0),4027,0,0,97.3
Arelig,3,6,< 0.5 (non-zero),98,0.0004704,0.455693483,2.4
Arelig,3,6,0.5 to < Q3,7,0.503752947,0.652241468,0.2
Arelig,4,1,Top 25% (>= Q3),2864,0.705229759,1.911696196,35.5
Arelig,4,1,Zero (== 0),771,0,0,9.5
Arelig,4,1,< 0.5 (non-zero),2990,0.000437081,0.49984467,37
Arelig,4,1,0.5 to < Q3,1449,0.500011563,0.704983294,18
Arelig,4,4,Top 25% (>= Q3),2310,0.705236912,1.862446308,20.1
Arelig,4,4,Zero (== 0),5184,0,0,45.1
Arelig,4,4,< 0.5 (non-zero),3013,9.2864E-05,0.499988258,26.2
Arelig,4,4,0.5 to < Q3,999,0.500013173,0.705034494,8.6
Arelig,4,5,Top 25% (>= Q3),510,0.707262218,1.846614599,77.6
Arelig,4,5,Zero (== 0),69,0,0,10.5
Arelig,4,5,< 0.5 (non-zero),46,0.006058216,0.499342322,7
Arelig,4,5,0.5 to < Q3,32,0.504041731,0.703813195,4.9
Arelig,4,6,Top 25% (>= Q3),113,0.705729365,1.08308208,6.3
Arelig,4,6,Zero (== 0),1066,0,0,59.3
Arelig,4,6,< 0.5 (non-zero),453,0.000943363,0.498401344,25.2
Arelig,4,6,0.5 to < Q3,165,0.50166136,0.70461154,9.2
Arelig,4,7,Top 25% (>= Q3),36411,0.705045044,4.711402416,23.6
Arelig,4,7,Zero (== 0),59185,0,0,38.4
Arelig,4,7,< 0.5 (non-zero),42254,5.66244E-06,0.499995112,27.4
Arelig,4,7,0.5 to < Q3,16435,0.500005722,0.705032468,10.6
Arelig,4,8,Top 25% (>= Q3),1786,0.705296993,1.818988562,23.5
Arelig,4,8,Zero (== 0),3884,0,0,51
Arelig,4,8,< 0.5 (non-zero),1447,5.83529E-05,0.499703586,19
Arelig,4,8,0.5 to < Q3,499,0.500035644,0.704679251,6.5
Arelig,5,5,Top 25% (>= Q3),0,,,0
Arelig,5,5,Zero (== 0),3,0,0,12.5
Arelig,5,5,< 0.5 (non-zero),16,0.226063251,0.496138394,66.7
Arelig,5,5,0.5 to < Q3,5,0.506837487,0.566492498,20.8
Arelig,5,6,Top 25% (>= Q3),0,,,0
Arelig,5,6,Zero (== 0),68,0,0,89.5
Arelig,5,6,< 0.5 (non-zero),5,0.087241948,0.460969567,6.6
Arelig,5,6,0.5 to < Q3,3,0.614047229,0.618399799,3.9
Arelig,5,7,Top 25% (>= Q3),8520,0.705136836,4.384107113,27.6
Arelig,5,7,Zero (== 0),9823,0,0,31.8
Arelig,5,7,< 0.5 (non-zero),9849,6.25849E-05,0.499806523,31.9
Arelig,5,7,0.5 to < Q3,2718,0.500021458,0.705013156,8.7
Arelig,5,8,Top 25% (>= Q3),2734,0.705163121,4.572881222,32
Arelig,5,8,Zero (== 0),2489,0,0,29.1
Arelig,5,8,< 0.5 (non-zero),2302,3.22461E-05,0.499737442,26.9
Arelig,5,8,0.5 to < Q3,1017,0.500097275,0.704943001,12
Arelig,5,9,Top 25% (>= Q3),107239,0.70504117,7.239094734,30.4
Arelig,5,9,Zero (== 0),106109,0,0,30.1
Arelig,5,9,< 0.5 (non-zero),102982,2.38419E-05,0.49999994,29.2
Arelig,5,9,0.5 to < Q3,36174,0.500005007,0.705040336,10.3
Aindus,1,1,Top 25% (>= Q3),1108,3.955748796,70.23677063,29.5
Aindus,1,1,Zero (== 0),1333,0,0,35.5
Aindus,1,1,< 0.5 (non-zero),684,0.000243187,0.492859244,18.2
Aindus,1,1,0.5 to < Q3,630,0.502437115,3.95285964,16.8
Aindus,1,2,Top 25% (>= Q3),4001,3.958409309,49.84828949,19.5
Aindus,1,2,Zero (== 0),1933,0,0,9.4
Aindus,1,2,< 0.5 (non-zero),3137,8.88705E-05,0.499985397,15.3
Aindus,1,2,0.5 to < Q3,11413,0.500142276,3.955422401,55.8
Aindus,1,3,Top 25% (>= Q3),1007,3.958055735,35.00878143,7.6
Aindus,1,3,Zero (== 0),1999,0,0,15.2
Aindus,1,3,< 0.5 (non-zero),2818,0.000106156,0.49993223,21.4
Aindus,1,3,0.5 to < Q3,7356,0.500007987,3.953108788,55.8
Aindus,1,4,Top 25% (>= Q3),2971,3.957134247,111.6647491,83.1
Aindus,1,4,Zero (== 0),6,0,0,0.2
Aindus,1,4,< 0.5 (non-zero),44,0.023273051,0.486159384,1.2
Aindus,1,4,0.5 to < Q3,553,0.503873825,3.950159073,15.5
Aindus,1,5,Top 25% (>= Q3),129,3.970762014,21.77100372,2.1
Aindus,1,5,Zero (== 0),888,0,0,14.6
Aindus,1,5,< 0.5 (non-zero),1417,0.000144064,0.49946332,23.3
Aindus,1,5,0.5 to < Q3,3640,0.50014472,3.954255104,60
Aindus,1,6,Top 25% (>= Q3),2254,3.956624508,221.2857513,16.9
Aindus,1,6,Zero (== 0),2046,0,0,15.3
Aindus,1,6,< 0.5 (non-zero),2378,0.000252426,0.49971956,17.8
Aindus,1,6,0.5 to < Q3,6665,0.500006914,3.953799248,50
Aindus,2,1,Top 25% (>= Q3),8829,3.95559001,69.93585205,24.6
Aindus,2,1,Zero (== 0),2749,0,0,7.7
Aindus,2,1,< 0.5 (non-zero),4895,3.33786E-05,0.499885857,13.7
Aindus,2,1,0.5 to < Q3,19350,0.500028789,3.955509901,54
Aindus,2,2,Top 25% (>= Q3),487,3.957931519,16.32204247,3.1
Aindus,2,2,Zero (== 0),1079,0,0,6.8
Aindus,2,2,< 0.5 (non-zero),3861,5.00679E-06,0.499588609,24.5
Aindus,2,2,0.5 to < Q3,10357,0.500072539,3.954138279,65.6
Aindus,2,3,Top 25% (>= Q3),350,4.181950569,10.06410599,10.5
Aindus,2,3,Zero (== 0),299,0,0,9
Aindus,2,3,< 0.5 (non-zero),987,0.001443267,0.499590814,29.7
Aindus,2,3,0.5 to < Q3,1690,0.50020206,3.84198451,50.8
Aindus,2,4,Top 25% (>= Q3),7138,3.956871271,114.4191895,28.5
Aindus,2,4,Zero (== 0),3690,0,0,14.8
Aindus,2,4,< 0.5 (non-zero),3122,2.11596E-05,0.49989599,12.5
Aindus,2,4,0.5 to < Q3,11061,0.50006777,3.954317331,44.2
Aindus,2,5,Top 25% (>= Q3),117,3.997427464,6.53380537,3.7
Aindus,2,5,Zero (== 0),149,0,0,4.7
Aindus,2,5,< 0.5 (non-zero),1233,0.000443041,0.499559164,39.2
Aindus,2,5,0.5 to < Q3,1649,0.500102997,3.953664541,52.4
Aindus,2,6,Top 25% (>= Q3),1420,3.957188129,34.97306442,12.6
Aindus,2,6,Zero (== 0),1339,0,0,11.9
Aindus,2,6,< 0.5 (non-zero),2398,0.000179052,0.499954104,21.3
Aindus,2,6,0.5 to < Q3,6102,0.500198722,3.953952789,54.2
Aindus,2,7,Top 25% (>= Q3),847,3.961475134,13.71974754,25.7
Aindus,2,7,Zero (== 0),696,0,0,21.1
Aindus,2,7,< 0.5 (non-zero),331,0.003738105,0.498097897,10
Aindus,2,7,0.5 to < Q3,1421,0.50030005,3.951479673,43.2
Aindus,3,1,Top 25% (>= Q3),220,7.461449623,55.61160278,94.8
Aindus,3,1,Zero (== 0),12,0,0,5.2
Aindus,3,1,< 0.5 (non-zero),0,,,0
Aindus,3,1,0.5 to < Q3,0,,,0
Aindus,3,2,Top 25% (>= Q3),2266,3.9589715,233.7313232,49.9
Aindus,3,2,Zero (== 0),1184,0,0,26.1
Aindus,3,2,< 0.5 (non-zero),324,0.001694322,0.499344409,7.1
Aindus,3,2,0.5 to < Q3,769,0.500947416,3.919947624,16.9
Aindus,3,3,Top 25% (>= Q3),400,3.989266872,94.93978882,16.8
Aindus,3,3,Zero (== 0),1386,0,0,58.1
Aindus,3,3,< 0.5 (non-zero),343,0.000338137,0.496745229,14.4
Aindus,3,3,0.5 to < Q3,255,0.501045704,3.759925842,10.7
Aindus,3,4,Top 25% (>= Q3),867,3.962918043,177.8691711,32.7
Aindus,3,4,Zero (== 0),670,0,0,25.2
Aindus,3,4,< 0.5 (non-zero),574,7.689E-06,0.499378145,21.6
Aindus,3,4,0.5 to < Q3,544,0.501162648,3.799346685,20.5
Aindus,3,5,Top 25% (>= Q3),181,3.960700035,172.3943481,32.3
Aindus,3,5,Zero (== 0),107,0,0,19.1
Aindus,3,5,< 0.5 (non-zero),49,0.005795717,0.487721503,8.8
Aindus,3,5,0.5 to < Q3,223,0.50775373,3.954046488,39.8
Aindus,3,6,Top 25% (>= Q3),1499,3.963164806,123.9872818,36.2
Aindus,3,6,Zero (== 0),843,0,0,20.4
Aindus,3,6,< 0.5 (non-zero),685,7.93934E-05,0.498969972,16.6
Aindus,3,6,0.5 to < Q3,1111,0.500181675,3.954339504,26.8
Aindus,4,1,Top 25% (>= Q3),1440,3.955891848,12.5742321,17.8
Aindus,4,1,Zero (== 0),623,0,0,7.7
Aindus,4,1,< 0.5 (non-zero),880,3.91006E-05,0.499711394,10.9
Aindus,4,1,0.5 to < Q3,5131,0.500168085,3.954638958,63.6
Aindus,4,4,Top 25% (>= Q3),2551,3.961370945,65.34541321,22.2
Aindus,4,4,Zero (== 0),1767,0,0,15.4
Aindus,4,4,< 0.5 (non-zero),2039,5.00679E-06,0.499400377,17.7
Aindus,4,4,0.5 to < Q3,5149,0.500019252,3.95539093,44.7
Aindus,4,5,Top 25% (>= Q3),479,3.957032204,8.954023361,72.9
Aindus,4,5,Zero (== 0),36,0,0,5.5
Aindus,4,5,< 0.5 (non-zero),17,0.009488463,0.461987615,2.6
Aindus,4,5,0.5 to < Q3,125,0.544368505,3.954077482,19
Aindus,4,6,Top 25% (>= Q3),190,3.960309505,4.977225304,10.6
Aindus,4,6,Zero (== 0),387,0,0,21.5
Aindus,4,6,< 0.5 (non-zero),466,0.001022935,0.499883235,25.9
Aindus,4,6,0.5 to < Q3,754,0.500838101,3.947767973,42
Aindus,4,7,Top 25% (>= Q3),38286,3.955555677,97.6399231,24.8
Aindus,4,7,Zero (== 0),12675,0,0,8.2
Aindus,4,7,< 0.5 (non-zero),23813,6.31809E-06,0.499947667,15.4
Aindus,4,7,0.5 to < Q3,79511,0.500057399,3.955438614,51.6
Aindus,4,8,Top 25% (>= Q3),6103,3.956735611,83.79127502,80.1
Aindus,4,8,Zero (== 0),5,0,0,0.1
Aindus,4,8,< 0.5 (non-zero),191,0.003438771,0.498602867,2.5
Aindus,4,8,0.5 to < Q3,1317,0.500122011,3.954938412,17.3
Aindus,5,5,Top 25% (>= Q3),0,,,0
Aindus,5,5,Zero (== 0),3,0,0,12.5
Aindus,5,5,< 0.5 (non-zero),3,0.439740956,0.46002847,12.5
Aindus,5,5,0.5 to < Q3,18,0.508107543,1.391934633,75
Aindus,5,6,Top 25% (>= Q3),0,,,0
Aindus,5,6,Zero (== 0),46,0,0,60.5
Aindus,5,6,< 0.5 (non-zero),20,0.014548361,0.486087263,26.3
Aindus,5,6,0.5 to < Q3,10,0.521750152,1.002538562,13.2
Aindus,5,7,Top 25% (>= Q3),5138,3.957312107,27.54963112,16.6
Aindus,5,7,Zero (== 0),4204,0,0,13.6
Aindus,5,7,< 0.5 (non-zero),5198,9.75728E-05,0.499945819,16.8
Aindus,5,7,0.5 to < Q3,16370,0.500171959,3.954518795,53
Aindus,5,8,Top 25% (>= Q3),6324,3.957411051,266.1776123,74
Aindus,5,8,Zero (== 0),1,0,0,0
Aindus,5,8,< 0.5 (non-zero),67,0.024615824,0.498467743,0.8
Aindus,5,8,0.5 to < Q3,2150,0.500942826,3.954011917,25.2
Aindus,5,9,Top 25% (>= Q3),90538,3.955524921,147.3641205,25.7
Aindus,5,9,Zero (== 0),21462,0,0,6.1
Aindus,5,9,< 0.5 (non-zero),57421,6.31809E-06,0.499982715,16.3
Aindus,5,9,0.5 to < Q3,183083,0.500004411,3.955516815,51.9
Aoffice,1,1,Top 25% (>= Q3),621,3.41477108,10.36412907,16.5
Aoffice,1,1,Zero (== 0),1117,0,0,29.7
Aoffice,1,1,< 0.5 (non-zero),904,0.001145244,0.499539196,24.1
Aoffice,1,1,0.5 to < Q3,1113,0.500152707,3.400804996,29.7
Aoffice,1,2,Top 25% (>= Q3),1201,3.402023792,25.00791931,5.9
Aoffice,1,2,Zero (== 0),7766,0,0,37.9
Aoffice,1,2,< 0.5 (non-zero),4454,5.05447E-05,0.49985218,21.7
Aoffice,1,2,0.5 to < Q3,7063,0.500066221,3.400096178,34.5
Aoffice,1,3,Top 25% (>= Q3),462,3.402685881,12.63079453,3.5
Aoffice,1,3,Zero (== 0),6797,0,0,51.6
Aoffice,1,3,< 0.5 (non-zero),2660,0.00029248,0.499732316,20.2
Aoffice,1,3,0.5 to < Q3,3261,0.500028551,3.401166201,24.7
Aoffice,1,4,Top 25% (>= Q3),1093,3.404965401,29.08800507,30.6
Aoffice,1,4,Zero (== 0),205,0,0,5.7
Aoffice,1,4,< 0.5 (non-zero),211,0.000211179,0.499979794,5.9
Aoffice,1,4,0.5 to < Q3,2065,0.500741959,3.395004749,57.8
Aoffice,1,5,Top 25% (>= Q3),37,3.443217516,4.984918118,0.6
Aoffice,1,5,Zero (== 0),3029,0,0,49.9
Aoffice,1,5,< 0.5 (non-zero),1334,6.4373E-06,0.499866366,22
Aoffice,1,5,0.5 to < Q3,1674,0.500504136,3.39916563,27.5
Aoffice,1,6,Top 25% (>= Q3),1130,3.402471066,19.73680687,8.5
Aoffice,1,6,Zero (== 0),4212,0,0,31.6
Aoffice,1,6,< 0.5 (non-zero),2944,0.000213444,0.499536157,22.1
Aoffice,1,6,0.5 to < Q3,5057,0.500100255,3.401442766,37.8
Aoffice,2,1,Top 25% (>= Q3),2791,3.402214766,21.98370171,7.8
Aoffice,2,1,Zero (== 0),8174,0,0,22.8
Aoffice,2,1,< 0.5 (non-zero),7089,5.53131E-05,0.499984801,19.8
Aoffice,2,1,0.5 to < Q3,17769,0.500049889,3.401566267,49.6
Aoffice,2,2,Top 25% (>= Q3),1721,3.403579235,29.42805099,10.9
Aoffice,2,2,Zero (== 0),3788,0,0,24
Aoffice,2,2,< 0.5 (non-zero),4016,2.63453E-05,0.499927878,25.4
Aoffice,2,2,0.5 to < Q3,6259,0.500259578,3.399336338,39.7
Aoffice,2,3,Top 25% (>= Q3),449,3.463541746,51.4229393,13.5
Aoffice,2,3,Zero (== 0),1735,0,0,52.2
Aoffice,2,3,< 0.5 (non-zero),258,0.001970887,0.495137393,7.8
Aoffice,2,3,0.5 to < Q3,884,0.500378072,3.333343983,26.5
Aoffice,2,4,Top 25% (>= Q3),3187,3.402180195,29.3913517,12.7
Aoffice,2,4,Zero (== 0),2660,0,0,10.6
Aoffice,2,4,< 0.5 (non-zero),5871,0.000169456,0.499999344,23.5
Aoffice,2,4,0.5 to < Q3,13293,0.500030756,3.401345253,53.2
Aoffice,2,5,Top 25% (>= Q3),225,3.405546904,6.125563622,7.1
Aoffice,2,5,Zero (== 0),898,0,0,28.5
Aoffice,2,5,< 0.5 (non-zero),794,0.000356197,0.499538779,25.2
Aoffice,2,5,0.5 to < Q3,1231,0.501390517,3.400655031,39.2
Aoffice,2,6,Top 25% (>= Q3),983,3.402619839,6.583436966,8.7
Aoffice,2,6,Zero (== 0),2367,0,0,21
Aoffice,2,6,< 0.5 (non-zero),3842,5.58496E-05,0.499927461,34.1
Aoffice,2,6,0.5 to < Q3,4067,0.500102997,3.398067474,36.2
Aoffice,2,7,Top 25% (>= Q3),849,3.403267622,13.50744629,25.8
Aoffice,2,7,Zero (== 0),926,0,0,28.1
Aoffice,2,7,< 0.5 (non-zero),146,0.001680911,0.498474538,4.4
Aoffice,2,7,0.5 to < Q3,1374,0.500813901,3.401759624,41.7
Aoffice,3,1,Top 25% (>= Q3),185,3.405068159,17.70023346,79.7
Aoffice,3,1,Zero (== 0),0,,,0
Aoffice,3,1,< 0.5 (non-zero),4,0.290842175,0.42514956,1.7
Aoffice,3,1,0.5 to < Q3,43,0.504140198,3.381751537,18.6
Aoffice,3,2,Top 25% (>= Q3),1102,3.402032852,25.54464912,24.3
Aoffice,3,2,Zero (== 0),1442,0,0,31.7
Aoffice,3,2,< 0.5 (non-zero),564,0.000622034,0.498776555,12.4
Aoffice,3,2,0.5 to < Q3,1435,0.504498482,3.394569397,31.6
Aoffice,3,3,Top 25% (>= Q3),177,3.54430151,18.23941994,7.4
Aoffice,3,3,Zero (== 0),715,0,0,30
Aoffice,3,3,< 0.5 (non-zero),888,5.29289E-05,0.499919891,37.2
Aoffice,3,3,0.5 to < Q3,604,0.500142157,3.212063313,25.4
Aoffice,3,4,Top 25% (>= Q3),275,3.417956352,16.35604668,10.4
Aoffice,3,4,Zero (== 0),223,0,0,8.4
Aoffice,3,4,< 0.5 (non-zero),490,0.001845598,0.498925924,18.5
Aoffice,3,4,0.5 to < Q3,1667,0.51880157,3.399059534,62.7
Aoffice,3,5,Top 25% (>= Q3),38,3.420392275,13.92444324,6.8
Aoffice,3,5,Zero (== 0),205,0,0,36.6
Aoffice,3,5,< 0.5 (non-zero),116,3.79086E-05,0.49711138,20.7
Aoffice,3,5,0.5 to < Q3,201,0.505174696,3.337744951,35.9
Aoffice,3,6,Top 25% (>= Q3),851,3.403574228,18.73616982,20.6
Aoffice,3,6,Zero (== 0),1140,0,0,27.5
Aoffice,3,6,< 0.5 (non-zero),945,0.000228643,0.499777198,22.8
Aoffice,3,6,0.5 to < Q3,1202,0.500438809,3.392962933,29.1
Aoffice,4,1,Top 25% (>= Q3),1824,3.408612251,23.37168121,22.6
Aoffice,4,1,Zero (== 0),1682,0,0,20.8
Aoffice,4,1,< 0.5 (non-zero),1419,0.001752436,0.499050438,17.6
Aoffice,4,1,0.5 to < Q3,3149,0.500197291,3.400709867,39
Aoffice,4,4,Top 25% (>= Q3),2285,3.402652502,16.68289948,19.9
Aoffice,4,4,Zero (== 0),963,0,0,8.4
Aoffice,4,4,< 0.5 (non-zero),3797,0.000178874,0.499891579,33
Aoffice,4,4,0.5 to < Q3,4461,0.500070632,3.401411772,38.7
Aoffice,4,5,Top 25% (>= Q3),0,,,0
Aoffice,4,5,Zero (== 0),79,0,0,12
Aoffice,4,5,< 0.5 (non-zero),57,0.00731796,0.479854882,8.7
Aoffice,4,5,0.5 to < Q3,521,0.504893661,2.108327627,79.3
Aoffice,4,6,Top 25% (>= Q3),1,3.413119793,3.413119793,0.1
Aoffice,4,6,Zero (== 0),352,0,0,19.6
Aoffice,4,6,< 0.5 (non-zero),628,0.000235021,0.492370129,34.9
Aoffice,4,6,0.5 to < Q3,816,0.500929475,3.401715994,45.4
Aoffice,4,7,Top 25% (>= Q3),28027,3.402049541,44.71136856,18.2
Aoffice,4,7,Zero (== 0),18020,0,0,11.7
Aoffice,4,7,< 0.5 (non-zero),29148,9.83477E-06,0.499992311,18.9
Aoffice,4,7,0.5 to < Q3,79090,0.500007689,3.401762009,51.2
Aoffice,4,8,Top 25% (>= Q3),2983,3.402097702,20.82981873,39.2
Aoffice,4,8,Zero (== 0),286,0,0,3.8
Aoffice,4,8,< 0.5 (non-zero),534,0.001612544,0.498657525,7
Aoffice,4,8,0.5 to < Q3,3813,0.500630558,3.400588751,50
Aoffice,5,5,Top 25% (>= Q3),0,,,0
Aoffice,5,5,Zero (== 0),3,0,0,12.5
Aoffice,5,5,< 0.5 (non-zero),15,0.291287899,0.433838129,62.5
Aoffice,5,5,0.5 to < Q3,6,0.606753111,0.900870442,25
Aoffice,5,6,Top 25% (>= Q3),0,,,0
Aoffice,5,6,Zero (== 0),5,0,0,6.6
Aoffice,5,6,< 0.5 (non-zero),46,0.110760033,0.49620378,60.5
Aoffice,5,6,0.5 to < Q3,25,0.585729539,1.185382843,32.9
Aoffice,5,7,Top 25% (>= Q3),9133,3.402458668,77.24924469,29.5
Aoffice,5,7,Zero (== 0),1231,0,0,4
Aoffice,5,7,< 0.5 (non-zero),3934,9.19104E-05,0.49998641,12.7
Aoffice,5,7,0.5 to < Q3,16612,0.500113606,3.401563168,53.8
Aoffice,5,8,Top 25% (>= Q3),5538,3.402492046,20.79932976,64.8
Aoffice,5,8,Zero (== 0),6,0,0,0.1
Aoffice,5,8,< 0.5 (non-zero),134,0.017359436,0.499233842,1.6
Aoffice,5,8,0.5 to < Q3,2864,0.500341177,3.400910616,33.5
Aoffice,5,9,Top 25% (>= Q3),119972,3.401928902,87.53350067,34
Aoffice,5,9,Zero (== 0),20400,0,0,5.8
Aoffice,5,9,< 0.5 (non-zero),40340,1.01924E-05,0.499993801,11.4
Aoffice,5,9,0.5 to < Q3,171792,0.500007033,3.401914358,48.8
Aedu,1,1,Top 25% (>= Q3),15,1.416841984,1.587520599,0.4
Aedu,1,1,Zero (== 0),3082,0,0,82.1
Aedu,1,1,< 0.5 (non-zero),575,9.94205E-05,0.499209523,15.3
Aedu,1,1,0.5 to < Q3,83,0.500679553,1.213304996,2.2
Aedu,1,2,Top 25% (>= Q3),528,1.313523769,2.66310358,2.6
Aedu,1,2,Zero (== 0),12131,0,0,59.2
Aedu,1,2,< 0.5 (non-zero),4005,6.40154E-05,0.499971271,19.6
Aedu,1,2,0.5 to < Q3,3820,0.500320196,1.312597156,18.6
Aedu,1,3,Top 25% (>= Q3),501,1.313886642,2.628642082,3.8
Aedu,1,3,Zero (== 0),9141,0,0,69.4
Aedu,1,3,< 0.5 (non-zero),1976,0.000236213,0.499596894,15
Aedu,1,3,0.5 to < Q3,1562,0.500241816,1.312104464,11.8
Aedu,1,4,Top 25% (>= Q3),20,1.314604521,1.589762926,0.6
Aedu,1,4,Zero (== 0),2409,0,0,67.4
Aedu,1,4,< 0.5 (non-zero),703,0.000191867,0.499601543,19.7
Aedu,1,4,0.5 to < Q3,442,0.500908732,1.30576396,12.3
Aedu,1,5,Top 25% (>= Q3),292,1.323056698,1.894856691,4.8
Aedu,1,5,Zero (== 0),3927,0,0,64.7
Aedu,1,5,< 0.5 (non-zero),1155,0.00017494,0.499455988,19
Aedu,1,5,0.5 to < Q3,700,0.501416206,1.311903715,11.5
Aedu,1,6,Top 25% (>= Q3),71,1.314470768,2.40456295,0.5
Aedu,1,6,Zero (== 0),7845,0,0,58.8
Aedu,1,6,< 0.5 (non-zero),3121,9.20892E-05,0.499621809,23.4
Aedu,1,6,0.5 to < Q3,2306,0.500184059,1.310651541,17.3
Aedu,2,1,Top 25% (>= Q3),3370,1.313409567,2.672208548,9.4
Aedu,2,1,Zero (== 0),12519,0,0,34.9
Aedu,2,1,< 0.5 (non-zero),7915,1.58548E-05,0.499910474,22.1
Aedu,2,1,0.5 to < Q3,12019,0.500056386,1.313020468,33.6
Aedu,2,2,Top 25% (>= Q3),1827,1.313517213,6.091434479,11.6
Aedu,2,2,Zero (== 0),4823,0,0,30.6
Aedu,2,2,< 0.5 (non-zero),4279,9.63211E-05,0.499960005,27.1
Aedu,2,2,0.5 to < Q3,4855,0.500081182,1.312711835,30.7
Aedu,2,3,Top 25% (>= Q3),1,1.37791419,1.37791419,0
Aedu,2,3,Zero (== 0),1481,0,0,44.5
Aedu,2,3,< 0.5 (non-zero),1372,0.000727475,0.499872029,41.3
Aedu,2,3,0.5 to < Q3,472,0.500271916,1.181131601,14.2
Aedu,2,4,Top 25% (>= Q3),2962,1.313766837,3.987778187,11.8
Aedu,2,4,Zero (== 0),8779,0,0,35.1
Aedu,2,4,< 0.5 (non-zero),7465,0.000145912,0.499905169,29.8
Aedu,2,4,0.5 to < Q3,5805,0.500147462,1.312757492,23.3
Aedu,2,5,Top 25% (>= Q3),373,1.314425707,1.757036686,11.8
Aedu,2,5,Zero (== 0),176,0,0,5.6
Aedu,2,5,< 0.5 (non-zero),633,0.001190424,0.499576271,20.1
Aedu,2,5,0.5 to < Q3,1966,0.500733256,1.312551975,62.5
Aedu,2,6,Top 25% (>= Q3),1481,1.313438892,5.226196766,13.2
Aedu,2,6,Zero (== 0),4629,0,0,41.1
Aedu,2,6,< 0.5 (non-zero),3103,0.000355184,0.499955356,27.6
Aedu,2,6,0.5 to < Q3,2046,0.500079572,1.313205719,18.1
Aedu,2,7,Top 25% (>= Q3),437,1.313542843,2.310403585,13.3
Aedu,2,7,Zero (== 0),1456,0,0,44.2
Aedu,2,7,< 0.5 (non-zero),762,0.000584006,0.498724461,23.1
Aedu,2,7,0.5 to < Q3,640,0.500074327,1.310434222,19.4
Aedu,3,1,Top 25% (>= Q3),0,,,0
Aedu,3,1,Zero (== 0),180,0,0,77.6
Aedu,3,1,< 0.5 (non-zero),45,0.006729305,0.499920249,19.4
Aedu,3,1,0.5 to < Q3,7,0.533729732,0.884862721,3
Aedu,3,2,Top 25% (>= Q3),17,1.36132443,2.594267368,0.4
Aedu,3,2,Zero (== 0),4336,0,0,95.4
Aedu,3,2,< 0.5 (non-zero),130,0.002474248,0.499226749,2.9
Aedu,3,2,0.5 to < Q3,60,0.509824216,1.302045822,1.3
Aedu,3,3,Top 25% (>= Q3),0,,,0
Aedu,3,3,Zero (== 0),2384,0,0,100
Aedu,3,3,< 0.5 (non-zero),0,,,0
Aedu,3,3,0.5 to < Q3,0,,,0
Aedu,3,4,Top 25% (>= Q3),0,,,0
Aedu,3,4,Zero (== 0),2499,0,0,94.1
Aedu,3,4,< 0.5 (non-zero),137,0.004512191,0.485234618,5.2
Aedu,3,4,0.5 to < Q3,19,0.50311178,0.929464817,0.7
Aedu,3,5,Top 25% (>= Q3),0,,,0
Aedu,3,5,Zero (== 0),558,0,0,99.6
Aedu,3,5,< 0.5 (non-zero),1,0.242009997,0.242009997,0.2
Aedu,3,5,0.5 to < Q3,1,0.651149273,0.651149273,0.2
Aedu,3,6,Top 25% (>= Q3),0,,,0
Aedu,3,6,Zero (== 0),3786,0,0,91.5
Aedu,3,6,< 0.5 (non-zero),267,0.000122428,0.494133949,6.5
Aedu,3,6,0.5 to < Q3,85,0.506438971,1.01420784,2
Aedu,4,1,Top 25% (>= Q3),677,1.313930035,2.500270844,8.4
Aedu,4,1,Zero (== 0),2026,0,0,25.1
Aedu,4,1,< 0.5 (non-zero),2103,0.000185609,0.499708652,26
Aedu,4,1,0.5 to < Q3,3268,0.500278592,1.312578559,40.5
Aedu,4,4,Top 25% (>= Q3),3976,1.314074993,3.347006559,34.6
Aedu,4,4,Zero (== 0),1649,0,0,14.3
Aedu,4,4,< 0.5 (non-zero),2666,0.000242233,0.499978483,23.2
Aedu,4,4,0.5 to < Q3,3215,0.500299871,1.313062191,27.9
Aedu,4,5,Top 25% (>= Q3),0,,,0
Aedu,4,5,Zero (== 0),252,0,0,38.4
Aedu,4,5,< 0.5 (non-zero),405,0.000117302,0.482534587,61.6
Aedu,4,5,0.5 to < Q3,0,,,0
Aedu,4,6,Top 25% (>= Q3),164,1.323420763,2.132146835,9.1
Aedu,4,6,Zero (== 0),463,0,0,25.8
Aedu,4,6,< 0.5 (non-zero),373,0.00574863,0.496649683,20.8
Aedu,4,6,0.5 to < Q3,797,0.501584649,1.313225985,44.3
Aedu,4,7,Top 25% (>= Q3),30552,1.313516259,9.797656059,19.8
Aedu,4,7,Zero (== 0),25761,0,0,16.7
Aedu,4,7,< 0.5 (non-zero),42432,2.34842E-05,0.49999243,27.5
Aedu,4,7,0.5 to < Q3,55540,0.500017643,1.313301563,36
Aedu,4,8,Top 25% (>= Q3),1143,1.313496828,6.442563534,15
Aedu,4,8,Zero (== 0),1164,0,0,15.3
Aedu,4,8,< 0.5 (non-zero),2920,3.83258E-05,0.499900639,38.3
Aedu,4,8,0.5 to < Q3,2389,0.500112116,1.312084079,31.4
Aedu,5,5,Top 25% (>= Q3),0,,,0
Aedu,5,5,Zero (== 0),2,0,0,8.3
Aedu,5,5,< 0.5 (non-zero),0,,,0
Aedu,5,5,0.5 to < Q3,22,0.627208292,1.308066726,91.7
Aedu,5,6,Top 25% (>= Q3),3,1.440841198,1.473763466,3.9
Aedu,5,6,Zero (== 0),23,0,0,30.3
Aedu,5,6,< 0.5 (non-zero),34,0.080072165,0.470560908,44.7
Aedu,5,6,0.5 to < Q3,16,0.549659967,1.1818645,21.1
Aedu,5,7,Top 25% (>= Q3),7971,1.313444734,5.866558552,25.8
Aedu,5,7,Zero (== 0),4075,0,0,13.2
Aedu,5,7,< 0.5 (non-zero),7409,5.06639E-06,0.499879479,24
Aedu,5,7,0.5 to < Q3,11455,0.500026882,1.31334734,37
Aedu,5,8,Top 25% (>= Q3),2875,1.3139112,6.848983765,33.7
Aedu,5,8,Zero (== 0),736,0,0,8.6
Aedu,5,8,< 0.5 (non-zero),2335,0.000111222,0.499850452,27.3
Aedu,5,8,0.5 to < Q3,2596,0.500031948,1.312818646,30.4
Aedu,5,9,Top 25% (>= Q3),127884,1.31337595,9.137071609,36.3
Aedu,5,9,Zero (== 0),19931,0,0,5.7
Aedu,5,9,< 0.5 (non-zero),66778,2.14577E-06,0.499997139,18.9
Aedu,5,9,0.5 to < Q3,137911,0.500000298,1.313369036,39.1
Agreenpub,1,1,Top 25% (>= Q3),447,4.918438435,8.415361404,11.9
Agreenpub,1,1,Zero (== 0),903,0,0,24
Agreenpub,1,1,< 0.5 (non-zero),335,0.001954317,0.499871433,8.9
Agreenpub,1,1,0.5 to < Q3,2070,0.500848651,4.906010628,55.2
Agreenpub,1,2,Top 25% (>= Q3),1046,4.91145277,25.22498512,5.1
Agreenpub,1,2,Zero (== 0),6567,0,0,32.1
Agreenpub,1,2,< 0.5 (non-zero),4444,9.30429E-05,0.49994421,21.7
Agreenpub,1,2,0.5 to < Q3,8427,0.500365794,4.901920319,41.1
Agreenpub,1,3,Top 25% (>= Q3),99,4.909709454,15.60590839,0.8
Agreenpub,1,3,Zero (== 0),5867,0,0,44.5
Agreenpub,1,3,< 0.5 (non-zero),2447,7.27177E-06,0.499722481,18.6
Agreenpub,1,3,0.5 to < Q3,4767,0.50007987,4.900832176,36.1
Agreenpub,1,4,Top 25% (>= Q3),389,4.963008881,39.9441452,10.9
Agreenpub,1,4,Zero (== 0),1819,0,0,50.9
Agreenpub,1,4,< 0.5 (non-zero),616,0.000288606,0.499210656,17.2
Agreenpub,1,4,0.5 to < Q3,750,0.500703275,4.879065514,21
Agreenpub,1,5,Top 25% (>= Q3),0,,,0
Agreenpub,1,5,Zero (== 0),2992,0,0,49.3
Agreenpub,1,5,< 0.5 (non-zero),682,0.000285149,0.499753952,11.2
Agreenpub,1,5,0.5 to < Q3,2400,0.500857294,3.780353069,39.5
Agreenpub,1,6,Top 25% (>= Q3),708,4.910751343,38.87989426,5.3
Agreenpub,1,6,Zero (== 0),3067,0,0,23
Agreenpub,1,6,< 0.5 (non-zero),2656,2.66433E-05,0.499394536,19.9
Agreenpub,1,6,0.5 to < Q3,6912,0.500007033,4.902597427,51.8
Agreenpub,2,1,Top 25% (>= Q3),3076,4.911431789,30.98266411,8.6
Agreenpub,2,1,Zero (== 0),5983,0,0,16.7
Agreenpub,2,1,< 0.5 (non-zero),6175,0.000116885,0.499850214,17.2
Agreenpub,2,1,0.5 to < Q3,20589,0.5000332,4.906936646,57.5
Agreenpub,2,2,Top 25% (>= Q3),2861,4.909209728,20.62047577,18.1
Agreenpub,2,2,Zero (== 0),2091,0,0,13.2
Agreenpub,2,2,< 0.5 (non-zero),2284,8.66652E-05,0.499785066,14.5
Agreenpub,2,2,0.5 to < Q3,8548,0.500138283,4.906281471,54.2
Agreenpub,2,3,Top 25% (>= Q3),365,5.067795753,23.97624207,11
Agreenpub,2,3,Zero (== 0),734,0,0,22.1
Agreenpub,2,3,< 0.5 (non-zero),628,0.005158067,0.499641895,18.9
Agreenpub,2,3,0.5 to < Q3,1599,0.500617623,3.843039751,48
Agreenpub,2,4,Top 25% (>= Q3),2045,4.909313679,24.33383942,8.2
Agreenpub,2,4,Zero (== 0),2631,0,0,10.5
Agreenpub,2,4,< 0.5 (non-zero),3606,0.000177205,0.499991298,14.4
Agreenpub,2,4,0.5 to < Q3,16729,0.500085473,4.907642841,66.9
Agreenpub,2,5,Top 25% (>= Q3),752,4.916473389,16.94065285,23.9
Agreenpub,2,5,Zero (== 0),264,0,0,8.4
Agreenpub,2,5,< 0.5 (non-zero),658,0.000866234,0.497614682,20.9
Agreenpub,2,5,0.5 to < Q3,1474,0.500685453,4.90776062,46.8
Agreenpub,2,6,Top 25% (>= Q3),1982,4.909840584,19.99437332,17.6
Agreenpub,2,6,Zero (== 0),879,0,0,7.8
Agreenpub,2,6,< 0.5 (non-zero),1755,8.38041E-05,0.499996245,15.6
Agreenpub,2,6,0.5 to < Q3,6643,0.500218928,4.903327942,59
Agreenpub,2,7,Top 25% (>= Q3),132,4.911913395,7.016478062,4
Agreenpub,2,7,Zero (== 0),433,0,0,13.1
Agreenpub,2,7,< 0.5 (non-zero),552,0.000582933,0.499370456,16.8
Agreenpub,2,7,0.5 to < Q3,2178,0.500873804,4.896221161,66.1
Agreenpub,3,1,Top 25% (>= Q3),0,,,0
Agreenpub,3,1,Zero (== 0),123,0,0,53
Agreenpub,3,1,< 0.5 (non-zero),78,0.001659989,0.496308386,33.6
Agreenpub,3,1,0.5 to < Q3,31,0.51021421,2.456209898,13.4
Agreenpub,3,2,Top 25% (>= Q3),220,4.910051346,7.305609703,4.8
Agreenpub,3,2,Zero (== 0),2779,0,0,61.2
Agreenpub,3,2,< 0.5 (non-zero),699,8.29101E-05,0.499804437,15.4
Agreenpub,3,2,0.5 to < Q3,845,0.500386119,4.890388489,18.6
Agreenpub,3,3,Top 25% (>= Q3),0,,,0
Agreenpub,3,3,Zero (== 0),1989,0,0,83.4
Agreenpub,3,3,< 0.5 (non-zero),367,0.001077652,0.487612963,15.4
Agreenpub,3,3,0.5 to < Q3,28,0.501616836,1.772007227,1.2
Agreenpub,3,4,Top 25% (>= Q3),0,,,0
Agreenpub,3,4,Zero (== 0),2290,0,0,86.3
Agreenpub,3,4,< 0.5 (non-zero),334,7.77841E-05,0.451796293,12.6
Agreenpub,3,4,0.5 to < Q3,31,0.556380868,3.681899786,1.1
Agreenpub,3,5,Top 25% (>= Q3),0,,,0
Agreenpub,3,5,Zero (== 0),410,0,0,73.2
Agreenpub,3,5,< 0.5 (non-zero),108,0.003794372,0.497826755,19.3
Agreenpub,3,5,0.5 to < Q3,42,0.501531959,0.836466968,7.5
Agreenpub,3,6,Top 25% (>= Q3),62,4.92150116,7.136929035,1.5
Agreenpub,3,6,Zero (== 0),2101,0,0,50.8
Agreenpub,3,6,< 0.5 (non-zero),1148,0.000116706,0.498995304,27.7
Agreenpub,3,6,0.5 to < Q3,827,0.500258744,4.898990631,20
Agreenpub,4,1,Top 25% (>= Q3),496,4.910394669,6.59106636,6.1
Agreenpub,4,1,Zero (== 0),1431,0,0,17.7
Agreenpub,4,1,< 0.5 (non-zero),927,0.001576364,0.499960005,11.5
Agreenpub,4,1,0.5 to < Q3,5220,0.500073254,4.897281647,64.7
Agreenpub,4,4,Top 25% (>= Q3),1879,4.909316063,20.92470741,16.3
Agreenpub,4,4,Zero (== 0),488,0,0,4.2
Agreenpub,4,4,< 0.5 (non-zero),935,0.000536382,0.49972111,8.1
Agreenpub,4,4,0.5 to < Q3,8204,0.500171185,4.903287888,71.4
Agreenpub,4,5,Top 25% (>= Q3),0,,,0
Agreenpub,4,5,Zero (== 0),102,0,0,15.5
Agreenpub,4,5,< 0.5 (non-zero),51,0.001549304,0.482082009,7.8
Agreenpub,4,5,0.5 to < Q3,504,0.508292794,1.727253914,76.7
Agreenpub,4,6,Top 25% (>= Q3),596,4.909071445,8.387877464,33.2
Agreenpub,4,6,Zero (== 0),2,0,0,0.1
Agreenpub,4,6,< 0.5 (non-zero),80,0.021711826,0.497680604,4.5
Agreenpub,4,6,0.5 to < Q3,1119,0.501925111,4.908100128,62.2
Agreenpub,4,7,Top 25% (>= Q3),26289,4.908667564,71.24925995,17
Agreenpub,4,7,Zero (== 0),8350,0,0,5.4
Agreenpub,4,7,< 0.5 (non-zero),20037,0.000107288,0.499993861,13
Agreenpub,4,7,0.5 to < Q3,99609,0.50004524,4.908401966,64.6
Agreenpub,4,8,Top 25% (>= Q3),3543,4.909241676,11.67128658,46.5
Agreenpub,4,8,Zero (== 0),260,0,0,3.4
Agreenpub,4,8,< 0.5 (non-zero),312,0.000948668,0.49919945,4.1
Agreenpub,4,8,0.5 to < Q3,3501,0.500083387,4.908326626,46
Agreenpub,5,5,Top 25% (>= Q3),6,5.164194107,5.233777046,25
Agreenpub,5,5,Zero (== 0),3,0,0,12.5
Agreenpub,5,5,< 0.5 (non-zero),0,,,0
Agreenpub,5,5,0.5 to < Q3,15,3.307254553,3.891648531,62.5
Agreenpub,5,6,Top 25% (>= Q3),5,5.227005005,6.970860481,6.6
Agreenpub,5,6,Zero (== 0),9,0,0,11.8
Agreenpub,5,6,< 0.5 (non-zero),14,0.003991783,0.449054658,18.4
Agreenpub,5,6,0.5 to < Q3,48,0.703703344,4.61794281,63.2
Agreenpub,5,7,Top 25% (>= Q3),7001,4.909312248,62.18818665,22.6
Agreenpub,5,7,Zero (== 0),966,0,0,3.1
Agreenpub,5,7,< 0.5 (non-zero),2493,0.000154853,0.499987304,8.1
Agreenpub,5,7,0.5 to < Q3,20450,0.500674367,4.907527924,66.2
Agreenpub,5,8,Top 25% (>= Q3),3180,4.908851624,11.06742096,37.2
Agreenpub,5,8,Zero (== 0),125,0,0,1.5
Agreenpub,5,8,< 0.5 (non-zero),695,0.00114888,0.499682605,8.1
Agreenpub,5,8,0.5 to < Q3,4542,0.500558376,4.908303738,53.2
Agreenpub,5,9,Top 25% (>= Q3),129961,4.908500195,143.5277405,36.9
Agreenpub,5,9,Zero (== 0),1884,0,0,0.5
Agreenpub,5,9,< 0.5 (non-zero),13278,4.58956E-06,0.499996126,3.8
Agreenpub,5,9,0.5 to < Q3,207381,0.500020087,4.908494473,58.8
Apubam,1,1,Top 25% (>= Q3),31,0.620742798,0.679567575,0.8
Apubam,1,1,Zero (== 0),3223,0,0,85.8
Apubam,1,1,< 0.5 (non-zero),372,0.000435829,0.498737991,9.9
Apubam,1,1,0.5 to < Q3,129,0.50090003,0.619091868,3.5
Apubam,1,2,Top 25% (>= Q3),1033,0.621133149,2.328047037,5
Apubam,1,2,Zero (== 0),16521,0,0,80.7
Apubam,1,2,< 0.5 (non-zero),2699,0.000129759,0.499934256,13.2
Apubam,1,2,0.5 to < Q3,231,0.50055629,0.620461464,1.1
Apubam,1,3,Top 25% (>= Q3),1050,0.621031582,5.732764721,8
Apubam,1,3,Zero (== 0),10762,0,0,81.7
Apubam,1,3,< 0.5 (non-zero),1179,0.000226676,0.499593675,8.9
Apubam,1,3,0.5 to < Q3,189,0.500024676,0.620569587,1.4
Apubam,1,4,Top 25% (>= Q3),191,0.621703029,1.030208468,5.3
Apubam,1,4,Zero (== 0),2658,0,0,74.4
Apubam,1,4,< 0.5 (non-zero),622,0.001247883,0.499145687,17.4
Apubam,1,4,0.5 to < Q3,103,0.500805855,0.619057894,2.9
Apubam,1,5,Top 25% (>= Q3),144,0.621057153,2.049113512,2.4
Apubam,1,5,Zero (== 0),5263,0,0,86.6
Apubam,1,5,< 0.5 (non-zero),637,0.000523806,0.499390841,10.5
Apubam,1,5,0.5 to < Q3,30,0.504257262,0.617450655,0.5
Apubam,1,6,Top 25% (>= Q3),1636,0.620990038,2.35856986,12.3
Apubam,1,6,Zero (== 0),10181,0,0,76.3
Apubam,1,6,< 0.5 (non-zero),1266,0.001481831,0.498841405,9.5
Apubam,1,6,0.5 to < Q3,260,0.500627875,0.620199978,1.9
Apubam,2,1,Top 25% (>= Q3),4254,0.620836973,2.27133584,11.9
Apubam,2,1,Zero (== 0),21895,0,0,61.1
Apubam,2,1,< 0.5 (non-zero),8077,1.22786E-05,0.499934554,22.5
Apubam,2,1,0.5 to < Q3,1597,0.500098228,0.620635509,4.5
Apubam,2,2,Top 25% (>= Q3),1733,0.621382236,5.103221893,11
Apubam,2,2,Zero (== 0),9206,0,0,58.3
Apubam,2,2,< 0.5 (non-zero),4039,0.00015831,0.499855101,25.6
Apubam,2,2,0.5 to < Q3,806,0.500224113,0.620428562,5.1
Apubam,2,3,Top 25% (>= Q3),898,0.621147275,7.932369709,27
Apubam,2,3,Zero (== 0),1940,0,0,58.3
Apubam,2,3,< 0.5 (non-zero),415,8.49962E-05,0.499761879,12.5
Apubam,2,3,0.5 to < Q3,73,0.502480865,0.613317132,2.2
Apubam,2,4,Top 25% (>= Q3),3114,0.620820284,2.436473608,12.5
Apubam,2,4,Zero (== 0),16908,0,0,67.6
Apubam,2,4,< 0.5 (non-zero),4307,5.78165E-05,0.499819279,17.2
Apubam,2,4,0.5 to < Q3,682,0.500407457,0.620491147,2.7
Apubam,2,5,Top 25% (>= Q3),653,0.620766163,3.283877611,20.7
Apubam,2,5,Zero (== 0),1598,0,0,50.8
Apubam,2,5,< 0.5 (non-zero),718,0.001155019,0.49949199,22.8
Apubam,2,5,0.5 to < Q3,179,0.501647949,0.619865894,5.7
Apubam,2,6,Top 25% (>= Q3),1874,0.621653616,2.640104771,16.6
Apubam,2,6,Zero (== 0),7519,0,0,66.8
Apubam,2,6,< 0.5 (non-zero),1514,8.82149E-06,0.499620438,13.4
Apubam,2,6,0.5 to < Q3,352,0.500056863,0.620220423,3.2
Apubam,2,7,Top 25% (>= Q3),871,0.623602092,2.235589981,26.4
Apubam,2,7,Zero (== 0),1706,0,0,51.8
Apubam,2,7,< 0.5 (non-zero),663,0.000487149,0.495594263,20.1
Apubam,2,7,0.5 to < Q3,55,0.500413239,0.616407812,1.7
Apubam,3,1,Top 25% (>= Q3),0,,,0
Apubam,3,1,Zero (== 0),106,0,0,45.7
Apubam,3,1,< 0.5 (non-zero),126,0.003747761,0.420704246,54.3
Apubam,3,1,0.5 to < Q3,0,,,0
Apubam,3,2,Top 25% (>= Q3),47,0.628388047,1.604862928,1
Apubam,3,2,Zero (== 0),4232,0,0,93.2
Apubam,3,2,< 0.5 (non-zero),225,0.000441074,0.499636233,5
Apubam,3,2,0.5 to < Q3,39,0.501312733,0.616136611,0.8
Apubam,3,3,Top 25% (>= Q3),19,0.623722196,0.923394442,0.8
Apubam,3,3,Zero (== 0),2145,0,0,90
Apubam,3,3,< 0.5 (non-zero),198,0.009052455,0.49966836,8.3
Apubam,3,3,0.5 to < Q3,22,0.503908515,0.601938128,0.9
Apubam,3,4,Top 25% (>= Q3),0,,,0
Apubam,3,4,Zero (== 0),2646,0,0,99.7
Apubam,3,4,< 0.5 (non-zero),9,0.012491643,0.411473036,0.3
Apubam,3,4,0.5 to < Q3,0,,,0
Apubam,3,5,Top 25% (>= Q3),0,,,0
Apubam,3,5,Zero (== 0),560,0,0,100
Apubam,3,5,< 0.5 (non-zero),0,,,0
Apubam,3,5,0.5 to < Q3,0,,,0
Apubam,3,6,Top 25% (>= Q3),10,0.629911184,0.967115164,0.2
Apubam,3,6,Zero (== 0),4052,0,0,97.9
Apubam,3,6,< 0.5 (non-zero),65,0.012692511,0.495940983,1.6
Apubam,3,6,0.5 to < Q3,11,0.502520502,0.617022514,0.3
Apubam,4,1,Top 25% (>= Q3),2511,0.620811105,3.130378723,31.1
Apubam,4,1,Zero (== 0),3517,0,0,43.6
Apubam,4,1,< 0.5 (non-zero),1533,0.000225782,0.49995923,19
Apubam,4,1,0.5 to < Q3,513,0.500005364,0.620692372,6.3
Apubam,4,4,Top 25% (>= Q3),1576,0.620986223,1.510087132,13.7
Apubam,4,4,Zero (== 0),4801,0,0,41.7
Apubam,4,4,< 0.5 (non-zero),4257,0.000127316,0.499897122,37
Apubam,4,4,0.5 to < Q3,872,0.500147641,0.620660961,7.6
Apubam,4,5,Top 25% (>= Q3),487,0.641045868,2.162099361,74.1
Apubam,4,5,Zero (== 0),77,0,0,11.7
Apubam,4,5,< 0.5 (non-zero),88,0.014346659,0.496570647,13.4
Apubam,4,5,0.5 to < Q3,5,0.547645986,0.589340568,0.8
Apubam,4,6,Top 25% (>= Q3),0,,,0
Apubam,4,6,Zero (== 0),827,0,0,46
Apubam,4,6,< 0.5 (non-zero),886,0.004790545,0.499685645,49.3
Apubam,4,6,0.5 to < Q3,84,0.500899076,0.582055569,4.7
Apubam,4,7,Top 25% (>= Q3),41911,0.620702982,7.504551888,27.2
Apubam,4,7,Zero (== 0),65999,0,0,42.8
Apubam,4,7,< 0.5 (non-zero),36702,1.22786E-05,0.499998629,23.8
Apubam,4,7,0.5 to < Q3,9673,0.500001311,0.620701253,6.2
Apubam,4,8,Top 25% (>= Q3),1856,0.620755434,2.114207745,24.4
Apubam,4,8,Zero (== 0),4105,0,0,53.9
Apubam,4,8,< 0.5 (non-zero),1219,6.44922E-05,0.499758959,16
Apubam,4,8,0.5 to < Q3,436,0.500285149,0.620634794,5.7
Apubam,5,5,Top 25% (>= Q3),6,0.644646049,0.715000153,25
Apubam,5,5,Zero (== 0),3,0,0,12.5
Apubam,5,5,< 0.5 (non-zero),15,0.374570966,0.443233848,62.5
Apubam,5,5,0.5 to < Q3,0,,,0
Apubam,5,6,Top 25% (>= Q3),3,0.767762721,0.804088414,3.9
Apubam,5,6,Zero (== 0),68,0,0,89.5
Apubam,5,6,< 0.5 (non-zero),4,0.004851937,0.429742754,5.3
Apubam,5,6,0.5 to < Q3,1,0.522717357,0.522717357,1.3
Apubam,5,7,Top 25% (>= Q3),8936,0.620902419,6.229258537,28.9
Apubam,5,7,Zero (== 0),13655,0,0,44.2
Apubam,5,7,< 0.5 (non-zero),7059,1.7345E-05,0.499972224,22.8
Apubam,5,7,0.5 to < Q3,1260,0.500085354,0.620472372,4.1
Apubam,5,8,Top 25% (>= Q3),2134,0.620862424,2.566696167,25
Apubam,5,8,Zero (== 0),3027,0,0,35.4
Apubam,5,8,< 0.5 (non-zero),2862,0.00019449,0.499872267,33.5
Apubam,5,8,0.5 to < Q3,519,0.500083208,0.620687842,6.1
Apubam,5,9,Top 25% (>= Q3),110162,0.62070632,14.09025383,31.3
Apubam,5,9,Zero (== 0),117178,0,0,33.2
Apubam,5,9,< 0.5 (non-zero),101606,5.126E-06,0.49999702,28.8
Apubam,5,9,0.5 to < Q3,23558,0.500005484,0.620700777,6.7