"","IDROAD","IDREL_A","IDREL_B","N_POST","LENGTH","MAX_SLOPE","AVG_SLOPE","SPEED","TIME"
"1","1","409","498",1,8.15,7.74,2.16,9.12,54
"2","2","421","417",1.25,9.407,9.32,1.58,8.94,63
"3","6","285","284",1.5,9.708,11.21,2.36,8.56,68
"4","7","284","282",1.5,12.202,8.25,2.12,7.92,92
"5","8","287","279",1,8.42,6.44,2.44,8.92,57
"6","9","27","25",1.5,10.3,6.68,1.96,8.55,72
"7","10","25","23",1,9.027,4.83,1.5,9.08,60
"8","11","199","197",1,6.277,11.31,4.41,8.39,45
"9","12","183","392",1.5,12.317,24.68,6.83,7.5,99
"10","13","109","108",1.75,11.434,31.4,8.17,7.5,91
"11","14","106","104",2,13.023,14.69,3.26,7.5,104
"12","15","107","104",1,7.58,2.05,0.29,9.72,47
"13","16","466","107",1,7.906,0.41,0.12,9.63,49
"14","17","132","466",1,6.519,2.26,0.63,10.01,39
"15","18","132","129",1.5,10.706,7.19,2.28,8.3,77
"16","21","55","53",1,9.097,13.19,2.04,8.88,61
"17","24","56","48",2,16.008,11.64,2,7.5,128
"18","25","52","49",2,16.101,10,2.41,7.5,129
"19","26","49","50",1.5,10.99,31.77,7.78,7.5,88
"20","27","54","48",3,23.61,22.83,5.35,7.5,189
"21","28","54","50",3,11.245,66.13,20.38,7.5,90
"22","29","462","456",2,13.314,41.18,7.73,7.5,107
"23","30","29","28",2,8.544,26.59,5.63,7.5,68
"24","31","464","460",1.5,10.216,26.58,7.03,7.5,82
"25","32","464","461",1.5,11.942,23.08,2.98,7.6,94
"26","33","459","461",2,14.481,5.73,1.07,7.55,115
"27","34","457","463",1.5,11.311,22.51,1.76,8.31,82
"28","37","388","4",1.5,11.341,11.56,1.41,8.41,81
"29","38","5","4",1.5,8.523,6.43,1.26,9.29,55
"30","40","9","1",1.5,9.197,51.59,10.41,7.5,74
"31","41","9","6",1,4.519,63.79,14.73,7.5,36
"32","42","6","7",1.5,10.604,45.02,14.62,7.5,85
"33","43","7","2",1.5,5.86,45.78,13.18,7.5,47
"34","45","182","181",1,7.159,12.6,3.97,8.43,51
"35","46","181","179",1.25,10.63,13.97,3.36,7.77,82
"36","47","180","176",1.5,11.739,11.99,1.31,8.32,85
"37","48","184","180",1.5,12.254,11.45,2.71,7.64,96
"38","49","177","184",1,14.166,31.34,6.76,7.5,113
"39","52","486","485",1.5,11.56,9.23,1.76,8.24,84
"40","53","486","488",1.75,13.038,16.09,1.62,7.84,100
"41","55","93","88",1.5,15.094,7.6,1.43,7.5,121
"42","58","402","398",2,16.435,3.25,0.76,7.5,131
"43","59","403","402",1.5,9.248,11.62,2.27,8.74,63
"44","66","355","348",1.25,13.315,13.8,2.09,7.59,105
"45","67","351","348",1.5,10.435,9.24,2.07,8.47,74
"46","68","346","351",1.5,13.22,7.58,1.2,7.9,100
"47","70","352","350",2,14.34,21.85,4.53,7.5,115
"48","71","354","350",1.5,11.704,18.96,3.72,7.5,94
"49","75","345","22",1,8.621,7.17,1.85,9.09,57
"50","76","353","345",1.75,16.42,8.69,1.51,7.5,131
"51","77","353","346",1.5,12.56,27.43,6.52,7.5,100
"52","78","130","129",1.25,8.052,7.75,1.29,9.42,51
"53","79","135","131",1.75,11.7,6.04,0.84,8.42,83
"54","80","156","135",1.75,14.111,1.11,0.24,7.76,109
"55","82","158","153",1,9.502,15.47,1.88,8.82,65
"56","83","158","46",2,15.326,6.55,1.03,7.5,123
"57","88","493","492",1,7.052,17.17,3.71,8.63,49
"58","89","214","212",2.5,20.728,3.73,0.45,7.5,166
"59","91","82","81",1.5,7.94,16.22,5.54,7.5,64
"60","92","220","219",2.5,10.937,15.92,5.22,7.5,87
"61","95","139","140",2,17.182,0.88,0.21,7.5,137
"62","96","136","140",1.5,10.124,1.19,0.39,8.95,68
"63","99","43","141",1.5,12.219,10.26,3.01,7.5,98
"64","100","43","42",1,8.932,3.3,0.96,9.23,58
"65","101","47","42",1.5,11.449,7.2,1.52,8.34,82
"66","111","151","149",1,7.655,7.91,1.91,9.36,49
"67","112","222","149",1.5,10.717,2.33,0.35,8.77,73
"68","113","222","224",2,17.127,1.96,0.37,7.5,137
"69","115","478","475",1.5,10.195,10.25,3.09,8.06,76
"70","123","349","346",1.75,13.369,17.2,4.36,7.5,107
"71","127","190","192",1.5,9.643,4.58,1.79,8.8,66
"72","130","472","467",1,7.965,3.4,0.58,9.58,50
"73","131","473","470",2,11.281,10.74,1.98,8.25,82
"74","132","469","468",1.25,10.097,3.98,0.84,8.9,68
"75","137","73","70",1.5,6.037,5.61,1.37,10.01,36
"76","138","520","147",1,9.171,5.14,0.71,9.2,60
"77","141","524","356",1.5,11.151,11.06,2.69,7.98,84
"78","142","359","358",1.5,4.701,7.74,2.17,10.15,28
"79","145","432","434",1.5,9.872,2.9,0.76,8.98,66
"80","146","433","432",1.5,11.885,2.59,0.72,8.38,85
"81","147","77","76",1,7.539,1.61,0.87,9.67,47
"82","149","174","171",1.5,9.742,1.04,0.18,9.07,64
"83","151","207","203",1.5,11.444,2.9,0.47,8.55,80
"84","157","229","226",1,7.642,3.79,1.3,9.55,48
"85","158","226","207",1.5,12.984,3.92,0.73,8.05,97
"86","159","206","203",1.25,8.44,9.38,2.04,9.07,56
"87","160","206","204",1.75,9.932,14.29,4.24,7.5,79
"88","161","205","204",1.5,15.033,6.13,1.01,7.5,120
"89","164","122","126",2.25,17.477,9.51,1.44,7.5,140
"90","165","123","122",2.25,18.617,6.24,0.8,7.5,149
"91","168","406","127",2.5,19.541,14.41,3.11,7.5,156
"92","169","405","406",2.25,18.322,4.49,0.76,7.5,147
"93","172","407","404",2.5,18.118,9.67,1.53,7.5,145
"94","173","90","89",2,16.687,1.98,0.51,7.5,133
"95","174","90","87",1.5,13.73,1.88,0.37,7.87,105
"96","175","185","87",2,14.042,14.42,2.42,7.5,112
"97","176","185","186",2,14.016,4.21,1.21,7.65,110
"98","177","186","103",1.5,12.021,8.09,1.64,8.14,89
"99","178","103","100",2,17.71,5.57,1.54,7.5,142
"100","180","99","101",2,11.316,30.32,8.75,7.5,91
"101","181","409","497",1,6.081,2.28,0.54,10.15,36
"102","183","422","416",2,14.916,5.76,1.19,7.5,119
"103","184","425","422",1,7.697,2.22,0.69,9.65,48
"104","185","427","38",2,16.681,8.53,1.69,7.5,133
"105","186","40","37",2.5,17.7,26.99,3.57,7.5,142
"106","189","396","395",1.5,11.37,11.65,3.04,7.73,88
"107","190","396","393",1.5,9.68,14.51,3.71,7.85,74
"108","192","423","418",2,14.723,12.21,1.5,7.5,118
"109","2549","1900","147",1,10.499,5.46,1.35,8.68,73
"110","194","246","243",1,7.694,13.74,5.07,7.5,62
"111","202","371","275",1.5,7.885,26.22,9.28,7.5,63
"112","203","371","368",1.5,15.554,4.51,1.4,7.5,124
"113","204","367","368",2,17.578,7.39,1.62,7.5,141
"114","207","367","363",1.5,11.449,4.74,1.25,8.42,82
"115","208","363","373",2,16.813,1.5,0.27,7.5,135
"116","211","373","365",1.5,11.778,0.78,0.18,8.46,84
"117","212","365","362",1.5,14.931,0.58,0.17,7.52,119
"118","213","372","362",2,16.322,1.14,0.23,7.5,131
"119","220","382","369",2,16.201,0.8,0.17,7.5,130
"120","224","409","515",1.5,10.22,1.64,0.48,8.91,69
"121","225","313","419",1.5,13.577,11.64,1.16,7.8,104
"122","228","19","10",2,15.717,17.13,3.07,7.5,126
"123","229","245","10",1.5,11.289,12.88,3.44,7.53,90
"124","232","31","36",2.75,17.463,11.4,1.53,7.5,140
"125","237","515","502",1.5,12.614,5.94,1.3,8.05,94
"126","238","319","316",1.5,10.89,10.45,2.38,8.2,80
"127","239","448","309",1.5,11.201,3.39,0.92,8.56,79
"128","240","449","446",1.5,10.85,6.99,2.22,8.28,79
"129","241","449","332",1,9.083,4.97,1.19,9.14,60
"130","243","331","337",2,16.566,6.98,1.52,7.5,133
"131","246","444","439",2.5,19.164,11.04,2.07,7.5,153
"132","247","444","443",2,15.261,12.12,2.31,7.5,122
"133","254","312","308",1,7.209,2.39,0.91,9.76,44
"134","258","293","289",1,8.5,1.34,0.21,9.45,54
"135","262","342","330",2,16.305,5.98,1.21,7.5,130
"136","263","342","291",2.5,17.079,8.77,1.34,7.5,137
"137","264","291","289",2.5,19.043,13,1.18,7.5,152
"138","274","15","17",1.5,21.565,16.78,1.95,7.5,173
"139","275","12","15",1.5,11.762,1.28,0.22,8.47,83
"140","276","12","442",2,17.94,9.48,1.87,7.5,144
"141","277","500","514",1.25,10.002,12.16,1.94,8.64,69
"142","278","503","500",1.25,10.7,6.8,1.33,8.62,74
"143","280","317","307",2,14.359,4.39,1.49,7.5,115
"144","281","321","317",1,6.812,4.19,1.05,9.85,41
"145","282","321","306",1.5,10.645,9.31,1.73,8.52,75
"146","283","447","439",1.5,11.985,6.33,1.57,8.17,88
"147","284","447","441",1,8.919,6.42,2.03,8.94,60
"148","285","438","441",1.25,9.745,11.1,3.54,7.93,74
"149","286","445","437",1.5,12.465,3.67,1.44,8.06,93
"150","288","338","334",1.75,11.661,8.39,3.38,7.5,93
"151","290","335","295",2.5,19.102,0.57,0.12,7.5,153
"152","291","295","293",2.5,18.535,1.99,0.14,7.5,148
"153","295","501","514",1.5,11.661,3.73,0.77,8.45,83
"154","296","505","501",1.5,11.732,5.65,1.14,8.36,84
"155","300","118","119",1.5,15.3,20.72,2.21,7.5,122
"156","301","118","65",2,25.181,15.18,2.2,7.5,201
"157","309","241","233",3.5,20.081,15.33,2.89,7.5,161
"158","310","236","233",2.5,21.754,8.98,1.81,7.5,174
"159","314","235","238",2,13.706,12.27,2.61,7.5,110
"160","320","327","322",2.5,19.958,6.68,1.44,7.5,160
"161","322","61","323",2,21.087,6.08,1.65,7.5,169
"162","330","124","117",1.5,13.67,11.96,1.68,7.63,107
"163","333","258","257",2.25,17.726,9.27,2.4,7.5,142
"164","334","257","256",2,12.112,6.24,1.81,8.06,90
"165","335","256","255",2,16.17,5.16,1.62,7.5,129
"166","338","438","437",1.5,11.788,4.46,1.11,8.35,85
"167","340","513","512",2.5,19.43,0,0,7.5,155
"168","341","512","33",2.5,21.416,3.88,1.58,7.5,171
"169","343","530","359",1.5,7,6.65,3.06,9.03,47
"170","344","409","514",1,7.624,4.09,1.1,9.6,48
"171","347","456","50",2,12.024,23.29,7.09,7.5,96
"172","349","517","489",2,18.35,10.77,2.11,7.5,147
"173","350","487","485",1.5,12.212,10,2.41,7.79,94
"174","354","520","143",2,8.281,9.55,1.51,9.3,53
"175","356","524","358",1.5,7.077,10.73,2.69,9.2,46
"176","358","531","491",1.5,6.79,5.65,1.2,9.82,41
"177","363","535","534",1,6.951,2.47,0.58,9.88,42
"178","364","536","535",1,5.413,3.63,1.21,10.24,32
"179","365","536","213",1,6.28,5.33,1,10.02,38
"180","366","537","213",1,8.854,3.9,0.64,9.3,57
"181","367","538","537",1,8.071,1.8,0.55,9.55,51
"182","382","546","279",1.25,9.71,2.79,0.56,9.06,64
"183","389","547","23",1,7.253,12.77,4.11,8.31,52
"184","390","547","199",1,6.854,11.03,2.45,9.38,44
"185","391","548","197",1,10.893,5.06,1.27,8.58,76
"186","392","548","198",1.5,11.187,3.57,1.41,8.45,79
"187","393","555","198",1.5,8.301,10.9,1.83,9.19,54
"188","394","555","201",1,6.621,18.88,6.57,7.5,53
"189","400","388","550",1.5,10.694,23.38,4.19,7.5,86
"190","401","557","388",1,6.403,0.82,0.28,10.07,38
"191","402","557","392",1,8.615,13.18,2.85,8.66,60
"192","403","558","183",2,12.015,16.01,4.78,7.5,96
"193","404","558","178",1,5.869,6.73,2.14,9.81,36
"194","405","559","178",1.5,8.963,4.57,0.75,9.26,58
"195","406","559","108",1.5,13.324,20.2,2.59,7.5,107
"196","407","110","562",1.5,10.35,1.94,0.38,8.88,70
"197","408","105","562",1.5,10.099,1.35,0.37,8.96,68
"198","413","563","48",2,13.2,7.8,2.98,7.5,106
"199","414","563","52",2,13.652,14.14,4.41,7.5,109
"200","419","895","3",2,14.8,15.46,2.61,7.5,118
"201","420","895","507",1.25,10.234,4.04,1.21,8.79,70
"202","421","566","388",1,6.86,4.22,0.78,9.88,42
"203","422","567","566",1,11.678,4.18,0.87,8.42,83
"204","423","567","568",1.5,9.957,10.47,1.87,8.68,69
"205","424","568","175",1.5,11.201,3.13,0.63,8.6,78
"206","427","565","459",2,12.985,46.69,7.48,7.5,104
"207","428","565","29",2.5,15.057,18.93,3.59,7.5,120
"208","429","569","175",1.5,10.337,26.05,6.74,7.5,83
"209","430","569","176",2,13.027,22.79,4.74,7.5,104
"210","433","483","571",1.5,10.881,10.26,1.95,8.38,78
"211","434","482","571",2,14.61,8.02,1.13,7.5,117
"212","438","575","574",1.5,12.212,13.46,2.86,7.58,97
"213","439","575","94",1.5,10.208,17.05,4.79,7.5,82
"214","440","94","576",1.25,9.176,10.73,3.69,8.01,69
"215","441","89","576",2,14.29,21.67,3.58,7.5,114
"216","454","589","130",1.5,9.434,16.38,3.31,8.17,69
"217","457","590","131",1.5,9.8,4.45,1.01,8.96,66
"218","458","582","157",1.5,10.141,5.3,1.49,8.75,70
"219","459","582","154",1,7.716,2.25,0.84,9.62,48
"220","462","615","159",1.25,9.601,4.62,1.52,8.9,65
"221","463","615","153",1.5,11.552,6.03,1.73,8.25,84
"222","465","592","360",2,15.358,3.17,0.34,7.5,123
"223","466","360","593",2.5,20.034,8.83,1.73,7.5,160
"224","475","41","600",2,13.728,4.12,1.23,7.74,106
"225","476","600","601",1.5,11.407,5.12,1.37,8.4,81
"226","480","611","150",1,7.049,1.54,0.33,9.88,43
"227","487","478","606",1,8.809,9.31,3.82,8.04,66
"228","488","606","605",1.5,8.562,12.79,4.1,7.92,65
"229","489","605","607",1.5,10.569,7.85,2.03,8.44,75
"230","498","641","492",1,8.986,11.59,0.98,9.21,59
"231","507","643","163",2,15.44,2.06,0.88,7.5,124
"232","508","643","162",1.75,13.297,9.27,1.79,7.71,104
"233","515","646","86",1.5,9.368,13.61,3.89,7.82,72
"234","516","646","82",2,12.68,17.05,4.08,7.5,101
"235","517","624","81",2,15.065,17.03,4.79,7.5,121
"236","518","624","220",2.5,14.578,14.31,3.57,7.5,117
"237","531","627","192",1.5,10.481,4.59,0.74,8.8,71
"238","541","631","467",1.5,6.552,2.73,0.65,9.99,39
"239","542","653","472",1,4.669,3.75,1.39,10.41,27
"240","543","653","470",1,7.286,5.3,0.92,9.73,45
"241","546","655","474",1.5,9.661,4.87,1.57,8.87,65
"242","547","655","469",1,6.708,5.07,1.51,9.77,41
"243","558","639","356",1.5,8.254,9.02,2.39,8.99,55
"244","568","658","471",1,7.857,9.37,1.92,9.29,51
"245","569","753","471",1.5,11.796,2.96,0.69,8.42,84
"246","574","76","661",1.5,10.911,1.84,0.76,8.67,75
"247","575","431","664",1,9.93,6.09,1.13,8.9,67
"248","581","665","99",1.5,10.779,20.54,4,7.5,86
"249","582","665","100",2.25,17.34,18.29,4,7.5,139
"250","583","667","427",1.5,11.107,7.6,1.03,8.57,78
"251","587","670","39",2.5,18.682,2.27,0.49,7.5,149
"252","588","670","40",1.5,12.333,4.46,1.48,8.09,91
"253","589","671","250",2,15.649,11.55,3.42,7.5,125
"254","590","671","253",2,15.71,14.51,2.44,7.5,126
"255","593","674","251",1.5,11.982,3.66,1.18,8.27,87
"256","594","674","673",1.5,11.086,12.42,3.09,7.79,85
"257","595","673","395",1.5,11.952,6.25,2.73,7.72,93
"258","600","409","521",1.5,10.51,5.94,1.83,8.53,74
"259","601","418","521",2,16.182,8.23,1.94,7.5,129
"260","602","677","423",1.5,9.733,9.46,2.44,8.52,69
"261","603","677","420",1,7.9,7.13,0.97,9.54,50
"262","617","254","686",1.5,9.437,1.18,0.26,9.16,62
"263","620","266","688",1,8.853,11.06,3.1,8.46,63
"264","621","688","271",1.75,13.164,9.96,2.98,7.5,105
"265","622","689","271",1.5,10.612,12.09,2.1,8.4,76
"266","623","689","262",1.5,9.302,14.82,2.14,8.78,64
"267","628","249","752",1,8.766,6.1,1.26,9.22,57
"268","634","696","270",2,16.033,21.7,4.16,7.5,128
"269","635","697","696",1,9.563,1.19,0.45,9.11,63
"270","636","698","697",1.5,11.604,3.86,1.22,8.38,83
"271","637","698","527",1.25,10.689,7.63,1.45,8.59,75
"272","638","527","274",2.25,11.204,16.03,3.23,7.68,88
"273","645","702","261",1.5,10.124,5.83,0.93,8.88,68
"274","646","702","260",2,15.17,26.62,7.12,7.5,121
"275","652","708","707",1.5,12.406,4.92,1.69,8.01,93
"276","653","707","276",12,7.701,8.14,2.75,8.99,51
"277","654","706","276",1,6.972,5.69,2.08,9.5,44
"278","655","275","706",1,8.916,8.76,2.85,8.57,62
"279","656","709","489",2,13.94,5.39,1.52,7.6,110
"280","658","710","382",1.5,11.498,1.37,0.2,8.55,81
"281","661","712","515",2,15,2.09,0.73,7.5,120
"282","662","712","419",1,7.433,5.74,1.66,9.51,47
"283","663","20","750",1.5,9.457,4.7,1.59,8.92,64
"284","664","750","19",1.5,12.647,15.87,2.09,7.79,97
"285","665","713","245",1.25,10.066,13.35,4.18,7.5,81
"286","666","713","247",2,16.145,3.82,0.83,7.5,129
"287","667","714","247",2,16.488,1.96,0.72,7.5,132
"288","668","714","34",2.5,20.912,11.31,1.59,7.5,167
"289","669","247","715",1.5,19.474,5.2,1.11,7.5,156
"290","670","242","715",1.5,22.454,7.39,1.63,7.5,180
"291","673","717","267",1,8.92,10.53,3.68,8.09,66
"292","674","717","270",1.5,10.977,18.5,3.2,7.76,85
"293","675","319","718",1,9.508,4.97,0.74,9.1,63
"294","676","718","502",1.5,10.141,5.59,1.68,8.69,70
"295","677","311","749",1.25,10.793,6.35,1.11,8.64,75
"296","678","316","749",1.5,11.003,1.78,0.68,8.65,76
"297","679","309","719",1,6.11,6.19,1.57,9.93,37
"298","680","311","719",1,7.228,12,2.86,9.07,48
"299","681","720","448",1,8.747,1.9,0.6,9.34,56
"300","682","721","720",1,7.382,3.01,0.66,9.74,45
"301","683","721","446",1.5,12.133,6.88,1.41,8.17,89
"302","688","315","724",1.25,9.684,1.52,0.52,9.07,64
"303","689","308","724",1.75,12.954,12.71,1.35,7.94,98
"304","690","725","292",1.75,14.004,4.65,0.79,7.74,109
"305","701","732","439",1,9.386,4.17,1.17,9.05,62
"306","702","732","731",1,9.027,3.59,0.95,9.21,59
"307","703","731","306",1.5,11.552,8.94,2.17,8.09,86
"308","704","733","340",1.5,12.965,5.71,1.62,7.86,99
"309","705","734","733",1,9.005,6.23,1.98,8.93,61
"310","706","734","445",1,6.767,2.95,0.83,9.9,41
"311","709","736","504",1.5,12.945,8.85,1.51,7.9,98
"312","710","505","736",2,12.443,11.35,2.25,7.79,96
"313","711","738","525",2,15.394,3.04,0.78,7.5,123
"314","714","748","414",1.5,10.317,22.22,1.91,8.56,72
"315","715","746","413",2,13.23,15.86,2.38,7.5,106
"316","720","740","428",1.5,12.417,8.13,2.09,7.86,95
"317","722","741","121",2,16.305,3.59,0.94,7.5,130
"318","724","742","326",2,14.213,10.17,2.01,7.5,114
"319","725","743","742",1.25,9.902,3.13,0.89,8.95,66
"320","726","743","322",1.5,11.807,2.27,0.69,8.41,84
"321","728","744","258",2,17.754,7.59,1.94,7.5,142
"322","735","761","523",1,6.894,2.69,0.73,9.88,42
"323","742","11","766",1,8.264,12.01,2.48,8.95,55
"324","743","243","766",1.5,9.767,20.7,4,7.63,77
"325","744","298","876",1.5,10.568,0.75,0.32,8.82,72
"326","745","508","876",1.75,14.897,0.87,0.28,7.52,119
"327","755","775","493",1.5,11.662,10.33,2.03,8.11,86
"328","756","1371","208",1,6.013,1.2,0.25,10.19,35
"329","757","1371","214",1.75,13.99,2.06,0.46,7.78,108
"330","765","1668","478",1.5,12.397,5.45,2.43,7.73,96
"331","771","1670","250",2,14.427,10.87,2.38,7.5,115
"332","776","371","1673",2,13.568,8.17,2.65,7.5,109
"333","777","1673","1672",1.25,9.661,10.15,2.05,8.71,67
"334","778","1672","373",1.5,10.808,3.92,0.83,8.69,75
"335","782","773","196",2,17.1,11.33,1.35,7.5,137
"336","787","1675","388",1.5,9.291,19.64,4.57,7.5,74
"337","789","1664","400",2,14.983,7.47,1.49,7.5,120
"338","792","1663","157",2,12.659,5.68,1.09,8.09,94
"339","793","1663","156",1.25,9.904,1.51,0.32,9.02,66
"340","800","1661","221",1.5,11.165,15.37,2.51,8.06,83
"341","815","875","73",1.5,7.205,5.54,2.39,9.3,46
"342","818","1722","634",1,6.258,5.82,1.7,9.85,38
"343","837","434","1693",1.5,12.808,5.16,1.58,7.92,97
"344","838","1693","435",1,9.502,8.07,1.94,8.79,65
"345","839","1665","31",2.5,17.68,14.82,3.44,7.5,141
"346","845","1042","298",2,19.781,5.07,0.57,7.5,158
"347","848","301","854",1.5,10.519,1.29,0.62,8.81,72
"348","849","292","854",2.5,16.872,3.84,0.82,7.5,135
"349","850","333","1690",2.5,17.045,2.75,0.34,7.5,136
"350","851","298","1690",2,13.954,1.68,0.39,7.8,107
"351","852","1709","440",2,16.636,7.57,1.57,7.5,133
"352","853","1709","331",2,17.188,2.66,1.09,7.5,138
"353","854","1029","440",1.5,14.191,6.25,2.2,7.5,114
"354","864","143","1731",1.75,10.531,1.77,0.53,8.81,72
"355","865","1731","145",1.75,9.898,3.15,0.55,9,66
"356","866","498","531",1.25,15.524,13.14,0.76,7.5,124
"357","867","767","491",1.25,6.53,9.48,2.12,9.62,41
"358","868","767","417",1,12.298,6.92,1.21,8.17,90
"359","871","769","88",2,14.27,2.18,0.48,7.7,111
"360","872","769","398",2,15.542,3.38,0.87,7.5,124
"361","873","770","184",1.5,12.107,130.1,9.29,7.5,97
"362","876","110","772",2,18.071,8.66,1.22,7.5,145
"363","885","871","645",2,11.045,10.55,4.36,7.5,88
"364","887","136","780",1.5,11.5,1.92,0.34,8.54,81
"365","888","780","141",1.5,10.64,1.28,0.3,8.8,73
"366","890","41","781",2,14.616,3.94,0.96,7.53,117
"367","893","783","223",1.5,9.993,16.67,3.55,7.85,76
"368","894","783","221",1,8.64,3.49,0.64,9.37,55
"369","907","791","754",1.5,11.843,9.96,1.28,8.29,86
"370","908","797","161",2,15.882,7.63,1.84,7.5,127
"371","909","797","255",2.5,18.014,3.99,1.53,7.5,144
"372","910","796","255",2.5,21.26,6.9,1.76,7.5,170
"373","911","796","795",2.5,20.49,6.64,1.26,7.5,164
"374","912","407","795",3,25.164,5.73,0.98,7.5,201
"375","913","407","794",2.5,17.849,7.29,0.93,7.5,143
"376","917","405","799",1.25,9.774,5.96,0.79,9.01,65
"377","918","404","800",1,6.5,3.04,1.05,9.94,39
"378","923","802","489",1.5,12.25,13.27,2.99,7.5,98
"379","924","425","805",1.5,10.41,1.74,0.51,8.85,71
"380","925","667","805",1.5,10.2,1.83,0.44,8.92,69
"381","931","809","252",2.5,18.498,21.5,5.56,7.5,148
"382","932","809","250",2.5,18.694,22.16,3.27,7.5,150
"383","935","811","263",1.25,9.534,9,3.02,8.29,69
"384","936","811","270",2,14.893,15.96,3.02,7.5,119
"385","937","812","269",2,14.984,14.82,3.94,7.5,120
"386","938","36","812",2,14.363,3.99,0.77,7.63,113
"387","947","855","331",2,14.726,4.32,1.4,7.5,118
"388","948","315","819",1.5,9.1,4.41,1.86,8.94,61
"389","949","442","819",1.25,10.211,3.6,0.9,8.86,69
"390","950","503","820",1.25,9.646,10.32,2.01,8.72,66
"391","951","820","821",1.5,11.3,12.37,2.16,8.17,83
"392","952","307","821",1.25,9.702,10.94,2.96,8.28,70
"393","953","832","519",1.5,12.502,2.7,0.89,8.17,92
"394","954","832","412",2,14.204,9.91,2.41,7.5,114
"395","957","834","414",1.75,13.97,11.13,0.95,7.72,109
"396","958","834","516",1.5,8.463,22.18,3.03,8.61,59
"397","964","113","839",2,18.61,18.35,1.17,7.5,149
"398","965","839","840",2,11.33,1.92,0.56,8.57,79
"399","969","59","843",2,16.125,4.47,0.56,7.5,129
"400","971","823","824",1.5,10.29,5.4,1.13,8.79,70
"401","972","825","824",1,8.188,5.79,0.79,9.48,52
"402","973","826","825",2,15.232,11.64,2.73,7.5,122
"403","974","827","826",1.5,11.72,18.19,2.76,7.77,90
"404","975","844","827",2,14.666,13.69,2.46,7.5,117
"405","976","113","844",2,16.85,13.31,1.13,7.5,135
"406","981","849","442",1.5,10.532,4.48,0.89,8.76,72
"407","985","850","304",1.5,12.102,2.54,0.52,8.34,87
"408","986","850","301",2,13.278,1.42,0.26,8.01,99
"409","993","300","877",2,16.605,6.87,1.28,7.5,133
"410","994","858","513",2,13.277,7.27,2.37,7.5,106
"411","996","288","858",1.5,13.06,4.05,1.33,7.91,99
"412","1000","304","857",1.5,11.017,2.53,0.4,8.68,76
"413","1001","861","421",2,15.044,10.53,1.91,7.5,120
"414","1002","861","416",2,17.141,6.52,1.01,7.5,137
"415","1003","861","860",1.5,12.761,4.39,0.46,8.15,94
"416","1004","497","859",1.25,10.5,4.14,0.38,8.84,71
"417","1005","860","859",1.75,13.621,10.33,1.36,7.74,106
"418","1010","125","864",2.5,18.482,11.64,2.53,7.5,148
"419","1011","865","864",2,16.73,9.06,2.76,7.5,134
"420","1012","866","865",2,14.651,8.61,2.6,7.5,117
"421","1017","118","878",2.5,22.437,20.33,2.98,7.5,179
"422","1018","65","878",2,15.513,9.37,2.33,7.5,124
"423","1027","664","798",1,7.424,1.07,0.38,9.76,46
"424","1028","430","798",1.75,12.87,6.11,1.04,8.03,96
"425","1029","822","525",1.75,12.518,21.23,2.2,7.79,96
"426","1030","822","748",1,6.998,2.29,0.85,9.83,43
"427","1031","828","827",1.5,9.361,11.17,2.69,8.51,66
"428","1034","831","830",1.5,11.048,11.83,2.65,8.03,83
"429","1035","831","414",1.5,11.236,15.4,0.84,8.56,79
"430","1038","1692","338",1,7.339,7.33,3,8.96,49
"431","1039","1692","335",1.5,12.022,5,1.2,8.26,87
"432","1045","112","1006",1.25,10.531,8.56,0.95,8.75,72
"433","1047","1175","840",1.5,14.242,13.14,1.5,7.51,114
"434","1056","1668","871",2,13.195,17.49,5.55,7.5,106
"435","1061","913","202",1.5,13.528,6.67,1.47,7.73,105
"436","1063","1205","53",2,14.823,13.25,1,7.5,119
"437","1064","1205","56",2,13.487,14.26,3.5,7.5,108
"438","1065","253","1688",1.5,11.18,16.82,4.21,7.5,89
"439","1066","251","1688",1.5,10.881,11.45,2.3,8.24,79
"440","1069","1691","804",2,13.363,14.14,2.5,7.5,107
"441","1075","497","1689",1.5,14.817,6.3,1.21,7.5,119
"442","1076","1689","416",1,6.519,4.63,1.17,9.91,39
"443","1078","300","1474",1.5,13.051,8.6,1.98,7.71,102
"444","1079","1474","513",1.5,9.113,3.45,1.91,8.92,61
"445","1081","408","800",2,14.632,3.36,0.54,7.58,116
"446","1082","408","799",1.75,13.073,8.38,1.85,7.75,101
"447","1091","880","482",1,8.698,11.26,2.95,8.59,61
"448","1092","881","880",2,10.661,14.73,5.97,7.5,85
"449","1094","884","883",1,7.723,7.46,3.11,8.79,53
"450","1095","1188","1189",1,8.096,14.05,4.24,7.96,61
"451","1096","1188","89",1.5,9.033,20,4.2,7.71,70
"452","1097","403","886",2,15.12,10.18,1.8,7.5,121
"453","1098","400","886",1.5,13.606,3.82,1.34,7.75,105
"454","1110","5","893",1.5,12.108,13.41,2.62,7.73,94
"455","1116","899","898",2,13.018,33.5,6.25,7.5,104
"456","1117","770","1204",1.5,10.199,28.52,6.17,7.5,82
"457","1118","1204","771",1.5,10.741,13.38,3.78,7.5,86
"458","1119","1203","771",1.5,14.71,15.43,1.29,7.5,118
"459","1120","1203","772",1.5,11.382,9.29,1.06,8.48,81
"460","1121","900","46",2.5,20.282,12.86,2.04,7.5,162
"461","1125","902","477",1.5,12.614,7.65,2.64,7.57,100
"462","1126","903","902",2,14.958,6.29,2.04,7.5,120
"463","1130","907","906",2,16.194,3.09,0.58,7.5,130
"464","1131","908","24",1.5,8.911,2.84,0.76,9.27,58
"465","1132","908","909",1,9.2,8.83,2.32,8.73,63
"466","1133","26","909",1.5,11.116,13.53,2.53,8.07,83
"467","1134","26","910",1,13.146,4.97,0.85,7.99,99
"468","1135","22","910",2,11.439,2.38,0.82,8.5,81
"469","1136","349","911",1,7.925,20.74,7.56,7.5,63
"470","1137","347","911",1,8.524,27.17,6.49,7.5,68
"471","1138","912","347",1,9.334,14.02,4.37,7.5,75
"472","1139","913","912",1,8.538,6.84,2.92,8.65,59
"473","1140","913","67",1,15.876,25.77,4.94,7.5,127
"474","1145","1190","165",1.5,13.426,3.5,1.14,7.85,103
"475","1146","1190","163",2,17.029,2.27,0.79,7.5,136
"476","1147","162","1192",2,14.765,8.79,2.74,7.5,118
"477","1150","1199","219",2.75,14.682,25.54,5.7,7.5,117
"478","1159","921","920",1,5.25,3.68,0.81,10.36,30
"479","1162","924","631",1.5,11.102,3.08,0.71,8.62,77
"480","1163","473","925",1,6.762,14.18,2,9.59,42
"481","1171","930","224",1.5,10.394,8.43,1.29,8.72,71
"482","1172","930","223",1,6.953,17.83,5.46,7.5,56
"483","1174","932","205",2.5,21.761,6.38,1.24,7.5,174
"484","1175","934","933",2,14.262,9.92,1.91,7.5,114
"485","1176","1207","933",2,18.171,3.68,1.11,7.5,145
"486","1178","938","937",1.5,9.285,5.2,1.85,8.89,63
"487","1179","937","936",1.5,12.621,5.54,1.56,7.98,95
"488","1180","936","935",2,14.368,4.91,1.18,7.56,114
"489","1181","972","935",2,17.13,6.07,1.4,7.5,137
"490","1182","161","939",2,14.459,7.14,2.24,7.5,116
"491","1183","940","939",1.5,8.857,4.2,1.65,9.08,58
"492","1184","940","160",1.5,11.8,3.36,0.71,8.41,84
"493","1191","431","943",2,17.205,13.38,1.66,7.5,138
"494","1192","943","740",1.5,9.913,4.34,1.49,8.82,67
"495","1195","945","863",1,8.28,1.95,0.75,9.46,53
"496","1196","125","945",1.5,12.564,7.14,1.69,7.96,95
"497","1201","741","326",2.5,20.706,8.31,2.02,7.5,166
"498","1202","949","322",1.5,10.661,5,1.57,8.57,75
"499","1203","744","949",1.5,11.111,12.29,4.19,7.5,89
"500","1206","951","160",1.5,8.08,2.81,1.12,9.46,51
"501","1207","952","951",1.5,13.315,3.9,1.61,7.76,103
"502","1209","952","953",1.5,8.041,4.26,1.77,9.29,52
"503","1211","958","957",2,14.753,13.01,2.28,7.5,118
"504","1212","959","958",1.5,13.342,4.58,1.22,7.85,102
"505","1213","960","959",1.5,18.107,9.8,2.65,7.5,145
"506","1214","962","961",2,14.277,14.08,2.42,7.5,114
"507","1217","965","964",2,15.063,19.97,3.26,7.5,121
"508","1227","938","973",2.5,19.731,9.74,1.7,7.5,158
"509","1228","975","974",1,11.888,7.84,1.64,8.18,87
"510","1234","981","980",1.5,10.404,6.09,1.8,8.57,73
"511","1235","982","117",1.5,14.042,3.85,0.58,7.76,109
"512","1236","113","982",2.5,17.773,10.46,1.64,7.5,142
"513","1237","983","63",1.5,13.014,9.71,1.37,7.92,99
"514","1238","409","984",1.5,10.565,8.65,1.14,8.71,73
"515","1239","984","823",1.5,8.82,12.23,1.6,9.11,58
"516","1244","987","59",1.5,11.389,5.67,1.19,8.45,81
"517","1245","987","57",2,15.803,7.94,1.26,7.5,126
"518","1248","989","234",1.5,12.795,5.99,1.26,8.01,96
"519","1249","989","240",2,15.721,4.77,1.51,7.5,126
"520","1250","990","240",2.5,18.67,28.36,3.62,7.5,149
"521","1252","993","57",1.5,12.322,3.88,1.38,8.12,91
"522","1253","994","993",2.5,21.243,9.92,2.15,7.5,170
"523","1256","996","234",1.75,12.567,3.68,0.91,8.15,93
"524","1257","996","994",1.5,11.322,22.53,2.85,7.85,87
"525","1267","113","1000",2.5,21.134,19,3.89,7.5,169
"526","1268","1000","831",2,14.439,16.55,3.27,7.5,116
"527","1269","113","1001",2,17.14,9.86,2.06,7.5,137
"528","1270","116","1001",2.5,14.684,7.54,1,7.5,117
"529","1271","828","1002",1.75,13.025,13.98,3.19,7.5,104
"530","1272","830","1002",2,14.295,27.39,2.8,7.5,114
"531","1276","111","116",2,18.047,10.44,1.48,7.5,144
"532","1279","1007","1006",1.75,12.925,5.83,1.34,7.95,98
"533","1283","1009","118",2,15.109,11.13,2.31,7.5,121
"534","1284","1009","63",2,16.193,13.11,3.07,7.5,130
"535","1290","1176","1012",1.5,14.778,17.48,2.9,7.5,118
"536","1291","1013","1012",3,22.754,13.81,3.12,7.5,182
"537","1294","1015","1016",1,8.981,9.32,1.99,8.93,60
"538","1295","1016","439",2,16.861,6.7,1.69,7.5,135
"539","1298","1019","1018",3,22.656,11.94,1.92,7.5,181
"540","1299","1020","1019",2.5,19.541,4.15,1.4,7.5,156
"541","1300","1021","499",1.25,8.99,9.6,1.71,9.02,60
"542","1301","1177","1021",1.5,12.346,14.68,3.12,7.5,99
"543","1302","1177","305",1.5,14.902,12.65,2.63,7.5,119
"544","1303","1023","340",1.5,10.885,12.64,2.91,7.95,82
"545","1304","1023","1022",1,8.828,12.69,3.16,8.43,63
"546","1305","1022","334",2,13.652,17.01,4.56,7.5,109
"547","1306","1024","338",2.5,20.591,7.11,1.51,7.5,165
"548","1308","1025","340",2.5,21.918,13.47,1.82,7.5,175
"549","1313","1028","337",1.5,11.346,1.72,0.67,8.55,80
"550","1314","1028","298",2,16.601,2.33,0.49,7.5,133
"551","1315","1029","439",2,15.133,5.78,1.56,7.5,121
"552","1318","331","1031",1.25,9.538,3.9,1.23,8.99,64
"553","1319","292","1031",2,14.641,0.99,0.36,7.6,116
"554","1322","1032","439",2,16.243,5.08,1.24,7.5,130
"555","1323","1033","1032",2.25,18.713,7.58,0.89,7.5,150
"556","1324","1033","446",1.75,13.173,4.46,1.19,7.91,100
"557","1326","442","1034",1.5,10.962,3.78,0.77,8.65,76
"558","1327","18","1034",1,8.277,5.86,2.06,9.12,54
"559","1328","443","719",2,14.086,3.71,1.05,7.67,110
"560","1329","308","719",2.5,18.283,11.52,1.65,7.5,146
"561","1330","1035","333",1.5,12.184,2.63,0.59,8.31,88
"562","1331","1035","330",1.5,10.29,3.9,0.81,8.85,70
"563","1332","1024","335",2,11.809,0.61,0.16,8.45,84
"564","1334","1037","1036",1.5,11.86,2.35,0.34,8.43,84
"565","1335","1037","291",2.5,18.775,10.36,2.13,7.5,150
"566","1338","1036","298",2,13.384,3.88,0.43,7.97,101
"567","1339","298","854",1.5,13.078,1.97,0.68,8.03,98
"568","1340","725","290",1.5,10.485,3.84,1.29,8.7,72
"569","1341","290","1180",1.5,11.282,4.28,1.68,8.35,81
"570","1344","1052","17",2.5,18.569,24.2,4.12,7.5,149
"571","1345","1052","1053",1,8.773,3.73,0.79,9.31,57
"572","1346","247","1053",2.25,18.659,5.3,1.23,7.5,149
"573","1347","1054","446",1.5,13.73,12.97,2.23,7.5,110
"574","1348","1180","1054",1.5,12.305,2.87,1.18,8.18,90
"575","1349","852","290",2,13.25,3.15,0.87,7.95,100
"576","1350","852","304",2,16.981,2.93,0.88,7.5,136
"577","1351","852","292",2.5,19.426,4.85,0.6,7.5,155
"578","1358","315","12",2,16.226,17.19,2.82,7.5,130
"579","1363","308","1062",2.5,17.328,15.33,3.84,7.5,139
"580","1364","19","1062",2.5,19.138,16.58,2.87,7.5,153
"581","1366","18","1063",2,14.827,7.93,1.86,7.5,119
"582","1367","1063","16",1.5,12.08,10.3,2.02,7.99,91
"583","1376","17","1066",2.5,21.788,4.48,1.34,7.5,174
"584","1377","1066","1067",1.5,14.442,9.11,2.49,7.5,116
"585","1378","1068","1067",2,16,8.7,2.01,7.5,128
"586","1379","1068","288",2,16.311,6.49,1.67,7.5,130
"587","1395","1076","703",1.5,11.411,14.51,3.93,7.5,91
"588","1398","1077","708",1,6.369,3.33,1.23,9.95,38
"589","1399","1079","259",2,17.148,24.01,3.16,7.5,137
"590","1400","1079","1078",1,7.752,8.85,2.28,9.19,51
"591","1404","274","1081",2.5,16.225,11.1,1.89,7.5,130
"592","1405","1082","1081",1,7.335,7.55,3.15,8.88,50
"593","1406","1083","1082",2,14.864,13.75,3.8,7.5,119
"594","1407","1084","31",1.5,11.321,6.17,1.2,8.47,80
"595","1408","1084","35",2,12.928,12.12,3.59,7.5,103
"596","1409","847","269",1.5,13.27,12.86,3.9,7.5,106
"597","1410","847","717",2.5,29.614,24.6,4.51,7.5,237
"598","1411","254","1086",1.5,10.63,6.23,1.98,8.44,76
"599","1412","1087","1086",1.5,11.386,13.06,3.02,7.74,88
"600","1413","1087","266",2,14.36,7.2,1.28,7.54,114
"601","1414","1088","262",1.5,10.159,5.25,1,8.86,69
"602","1415","1088","260",1.5,11.444,10.3,3.34,7.54,91
"603","1416","1089","260",2,14.948,3.35,0.64,7.5,120
"604","1417","1090","1089",1.5,11.739,9.97,2.27,7.99,88
"605","1418","1090","1091",1.75,12.888,2.98,0.59,8.1,95
"606","1419","1092","1091",2,12.976,7.02,1.97,7.74,101
"607","1420","707","1092",1,14.534,7.11,2.34,7.5,116
"608","1424","1095","816",2,14.179,7.32,0.97,7.66,111
"609","1426","1096","1097",3,19.727,43.79,7.74,7.5,158
"610","1427","1096","367",2,17.887,12.99,2.03,7.5,143
"611","1428","528","1099",1.5,14.274,0,0,7.72,111
"612","1429","816","364",2,14.78,0.52,0.11,7.56,117
"613","1431","1103","369",2.25,18.784,0.69,0.15,7.5,150
"614","1432","1105","39",2.5,18.676,3.59,0.99,7.5,149
"615","1434","1107","1106",1.5,9.527,12.6,3.02,8.3,69
"616","1435","1107","489",1.25,8.302,15.12,4.79,7.5,66
"617","1436","1108","709",1.5,12.022,11.6,2.27,7.91,91
"618","1437","1108","1109",2,17.531,4.02,0.75,7.5,140
"619","1439","1110","378",1,9.12,0.52,0.15,9.26,59
"620","1440","1110","372",1.5,12.592,0.97,0.17,8.22,92
"621","1441","1112","253",2.5,19.14,19.91,3.61,7.5,153
"622","1442","1113","1112",1.5,10.922,16.49,3.89,7.5,87
"623","1443","1114","1113",1.5,12.781,15.09,3.73,7.5,102
"624","1446","1117","1116",1.5,12.233,11.8,2.6,7.7,95
"625","1447","1117","1118",1.5,12.06,8.2,1.71,8.1,89
"626","1448","1119","1118",2,16.101,17.47,3.08,7.5,129
"627","1449","1119","260",1.75,12.662,14.65,3.77,7.5,101
"628","1450","1120","100",1.5,10.448,22.22,6.36,7.5,84
"629","1451","1121","396",1.5,12.445,20.06,4,7.5,100
"630","1454","1124","1123",1.5,9.638,19.18,3.91,7.73,75
"631","1455","1125","1124",2,11.152,26.81,5.23,7.5,89
"632","1458","1126","89",1.5,9.904,4.37,1.65,8.77,68
"633","1461","1127","1068",1.75,13.506,8.74,2.6,7.5,108
"634","1463","1129","1128",2.5,21.085,11.7,2.6,7.5,169
"635","1464","1128","973",3,23.36,9.95,2.03,7.5,187
"636","1465","1130","1129",3,22.316,12.8,3.94,7.5,179
"637","1466","1131","1130",2,12.838,18.76,5.49,7.5,103
"638","1467","1131","965",2.5,18.341,14.48,4.57,7.5,147
"639","1468","956","1132",2,15.7,7.04,1.61,7.5,126
"640","1469","1133","1132",2.5,20.814,13.21,1.37,7.5,167
"641","1470","260","1134",2.5,17.119,22.96,4.56,7.5,137
"642","1471","1135","1134",2,17.113,7.26,1.55,7.5,137
"643","1472","1136","1135",2,18.318,21.47,3.55,7.5,147
"644","1473","1137","1136",1.75,14.087,8.52,1.32,7.61,111
"645","1474","270","1137",2.5,18.5,12.84,3.26,7.5,148
"646","1475","1142","1083",2,16.844,16.12,4.36,7.5,135
"647","1476","1142","510",3,18.118,9.21,4.23,7.5,145
"648","1477","1144","1142",2,15.005,15.92,4.56,7.5,120
"649","1478","1145","1144",2,15.989,13.45,3.66,7.5,128
"650","1479","1145","1097",2,12.134,32.45,6.2,7.5,97
"651","1480","260","1146",1.5,14,5.39,1.38,7.62,110
"652","1483","1147","1138",2,17.692,7.35,1.75,7.5,142
"653","1485","1148","1144",1.5,11.455,6.31,2.35,8.04,85
"654","1488","1151","1150",2,15.616,8.28,2.46,7.5,125
"655","1489","1151","1153",1.5,10.797,11.3,3.23,7.8,83
"656","1490","1153","1152",1.5,7.118,39.75,16.98,7.5,57
"657","1499","1148","1083",2,17.404,12.86,2.56,7.5,139
"658","1505","1147","1083",2,17.353,13.57,2.48,7.5,139
"659","1517","1135","261",2.5,20.049,17.45,2.56,7.5,160
"660","1521","1165","260",1.75,13.583,5.72,2.17,7.5,109
"661","1522","1165","1167",1.5,13.7,17.05,4.05,7.5,110
"662","1523","1166","1167",1.5,10.712,4.93,1.16,8.66,74
"663","1524","1168","1166",1.5,13.15,9.51,2.64,7.5,105
"664","1525","1168","1158",1.5,11.608,3.44,0.96,8.43,83
"665","1526","1169","1158",2,15.027,15.28,5.19,7.5,120
"666","1527","1169","1124",1.5,9.985,32.27,4.46,7.5,80
"667","1534","1652","904",1.25,8.004,9.77,4.82,7.57,63
"668","1542","918","601",2,13.337,8.19,1.68,7.73,104
"669","1545","891","460",2,12.605,21.92,5.03,7.5,101
"670","1546","1748","355",1.5,8.502,33.58,11.9,7.5,68
"671","1547","1748","1343",1.5,10.466,29.81,8.92,7.5,84
"672","1548","1664","887",1,14.223,2.66,0.72,7.68,111
"673","1551","1738","174",1.5,6.579,10.24,1.02,9.93,40
"674","1552","1738","920",1,5.701,7.45,1.38,10.11,34
"675","1553","1695","174",1.5,9.003,0.75,0.19,9.3,58
"676","1557","160","1697",2,14.649,5.32,1.16,7.5,117
"677","1558","1697","1186",2,11.022,11.73,3.41,7.63,87
"678","1559","1734","1186",2,13.246,5.89,2.23,7.56,105
"679","1560","1734","974",1.5,10.846,6.27,2.18,8.3,78
"680","1561","1704","975",2,12.545,3.64,1.01,8.14,92
"681","1562","1704","1614",1.5,14.683,5.12,1.09,7.5,117
"682","1563","1614","205",1.5,12.443,7.82,1.6,8.02,93
"683","1564","1615","1207",2,15.212,8.44,1.17,7.5,122
"684","1565","1615","932",1.5,10.296,2.4,0.8,8.85,70
"685","1570","956","1612",2,14.887,4.63,1.62,7.5,119
"686","1571","1612","955",1.5,10.221,7.58,2.38,8.4,73
"687","1572","843","1174",2.25,18.584,19.92,2.79,7.5,149
"688","1573","1174","63",1.5,10.224,11.62,2.47,8.36,73
"689","1574","983","1175",1.75,14.136,1.2,0.53,7.73,110
"690","1577","1745","414",2,14.673,10.74,2.33,7.5,117
"691","1578","1176","1745",1.5,12.545,5.9,1.37,8.06,93
"692","1579","1620","414",2,14.818,20.15,5.3,7.5,119
"693","1580","519","1620",1.5,12.497,4.12,1.03,8.15,92
"694","1584","1732","274",1.5,4.884,7.81,2.41,9.99,29
"695","1585","1732","703",1.25,13.015,8.44,1.82,7.78,100
"696","1588","275","1742",1.5,12.343,8.29,2.53,7.7,96
"697","1592","1740","396",2,16.832,20.26,3.42,7.5,135
"698","1593","1740","1120",2,16.226,15.35,2.45,7.5,130
"699","1596","1735","1170",2,14.094,33.11,6.86,7.5,113
"700","1597","1735","1171",2,15.591,16.04,3.9,7.5,125
"701","1598","93","1733",1.5,9.95,3.54,1.13,8.89,67
"702","1599","89","1733",1.5,11.962,1.58,0.59,8.38,86
"703","1600","1696","885",1.75,14.036,16.98,4.05,7.5,112
"704","1601","1696","1189",1.5,10.416,15.51,4.53,7.5,83
"705","1604","1739","884",2,16.348,8.61,2.38,7.5,131
"706","1605","1739","885",2,17.284,16.3,2.71,7.5,138
"707","1610","254","1751",2,13.591,6.24,1.55,7.69,106
"708","1611","1751","252",2,12.48,24.17,5.14,7.5,100
"709","1614","275","1140",2.5,19.83,10.16,2.91,7.5,159
"710","1620","901","593",1.5,12.822,29.17,8.52,7.5,103
"711","1622","1143","1142",1.5,8.908,4.32,1.46,9.13,59
"712","1625","1919","1097",1.5,11.046,23.21,7.16,7.5,88
"713","1626","1919","1098",1.5,11.407,11.08,5.57,7.5,91
"714","1630","1100","1099",1,7.246,0,0,9.83,44
"715","1631","1095","1099",1.5,12.162,2.25,1.06,8.24,89
"716","1632","1095","1100",2,17.529,2.24,1.02,7.5,140
"717","1636","304","1055",1.5,12.243,2.67,0.64,8.29,89
"718","1640","508","1049",2,14.21,0,0,7.74,110
"719","1641","1049","1050",1.5,13.523,0,0,7.94,102
"720","1660","312","1209",1.5,11.323,12.19,2.19,8.15,83
"721","1661","319","1209",1.5,10.748,4.09,1.29,8.62,75
"722","1662","1210","421",2,14.007,5.2,0.73,7.75,108
"723","1663","1212","1211",2,17.799,5.31,0.76,7.5,142
"724","1664","1211","1210",1.5,11.846,6.35,1.11,8.33,85
"725","1667","1214","214",2,17.164,2.24,0.73,7.5,137
"726","1668","861","422",2,14.997,3.87,0.73,7.5,120
"727","1669","1215","422",1,9.211,5.68,1.3,9.07,61
"728","1670","1216","1215",2.5,19.806,7.23,0.72,7.5,158
"729","1671","1216","423",1,8.44,9.64,2.83,8.72,58
"730","1681","431","823",1.5,10.468,9.62,2.72,8.17,77
"731","1689","437","1224",2.5,20.554,7.59,1.8,7.5,164
"732","1690","1224","440",2.5,16.179,20.24,2.7,7.5,129
"733","1691","1225","437",2.5,22.401,9.24,2.02,7.5,179
"734","1692","1225","1025",1.5,10.911,9.62,2.46,8.16,80
"735","1693","1226","1025",2,17.018,8.99,1.98,7.5,136
"736","1694","1227","1226",2,13.43,10.16,2.76,7.5,107
"737","1695","1227","342",2,15.555,11.18,2.24,7.5,124
"738","1696","1645","342",2,14.883,6.46,1.61,7.5,119
"739","1697","1645","295",2,18.84,1.17,0.23,7.5,151
"740","1698","1228","437",2,15.533,7.35,2.06,7.5,124
"741","1699","1229","833",1.5,11.006,13.67,2.96,7.88,84
"742","1700","1228","833",2,15.081,15.44,2,7.5,121
"743","1701","1229","412",2,17.442,13.84,2.74,7.5,140
"744","1702","1231","53",2,16.815,10.82,1.13,7.5,135
"745","1703","1230","1231",2,13.264,2.63,0.42,8,99
"746","1706","1233","1232",1,7.965,3.44,0.84,9.54,50
"747","1707","1234","1233",1.5,9.831,17.14,1.73,8.77,67
"748","1708","1234","466",1.5,11.896,10.99,1.21,8.29,86
"749","1709","110","109",2.25,16.717,4.63,0.84,7.5,134
"750","1710","1235","323",2.5,13.583,4.14,1.24,7.78,105
"751","1711","1235","327",1,8.13,3.34,0.78,9.5,51
"752","1712","1236","61",2,14.187,8.11,1.54,7.52,113
"753","1713","1236","59",2.5,20.277,5.53,1.1,7.5,162
"754","1718","322","1616",1.5,14.789,7.01,1.35,7.5,118
"755","1719","867","1616",1,8.481,5.46,2.32,8.95,57
"756","1720","867","1238",2,14.314,5.77,1.83,7.5,115
"757","1721","408","1238",1.5,11.911,5,1.47,8.22,87
"758","1723","1240","1239",2.5,18.253,7.93,1.9,7.5,146
"759","1724","1241","306",1.5,10.929,8.69,2.39,8.18,80
"760","1725","1241","305",2,15.981,5.44,1.56,7.5,128
"761","1735","1015","1013",2,17.001,15.72,1.74,7.5,136
"762","1743","1248","1249",2,15.487,9.8,2.08,7.5,124
"763","1746","1253","1250",2.25,18.81,2.81,0.63,7.5,150
"764","1748","112","1254",2,14.42,8.29,1.59,7.5,115
"765","1749","1254","516",2,16.132,20.81,2.38,7.5,129
"766","1750","1645","1024",1,8.912,3.97,1.17,9.2,58
"767","1751","855","332",1,6.957,2.91,1.25,9.76,43
"768","1752","1258","221",1,8.981,5.72,0.49,9.28,58
"769","1753","1258","1257",1.5,7.533,5.12,1.2,9.6,47
"770","1754","1256","1255",2,16.91,7.22,1.49,7.5,135
"771","1761","1263","19",1.5,19.83,15.82,3.57,7.5,159
"772","1762","1263","11",1.25,17.862,10.95,2.85,7.5,143
"773","1768","1267","88",1.5,11.96,2.39,0.72,8.36,86
"774","1769","1268","1267",1.5,11.727,3.42,0.79,8.42,84
"775","1772","1266","1270",1.75,14.833,29.43,4.6,7.5,119
"776","1774","1271","1270",1.5,13.376,11.65,2.93,7.5,107
"777","1779","1266","1275",2.5,19.132,21.04,3.05,7.5,153
"778","1781","1537","884",1,7.723,7.61,3.21,8.73,53
"779","1782","1537","1276",1.5,11.216,7.86,2.94,7.83,86
"780","1783","1278","1277",2.5,19.925,8.47,1.54,7.5,159
"781","1784","1280","1279",3,13.618,66.62,28.72,7.5,109
"782","1785","1281","1280",2.5,15.322,44.49,8.11,7.5,123
"783","1786","1281","1278",2.5,18.166,21.74,4.05,7.5,145
"784","1787","1282","1087",2,15.749,11.74,3.61,7.5,126
"785","1788","1282","1136",2,15.235,14.56,3.05,7.5,122
"786","1790","1285","37",1.75,13.224,8.06,2.56,7.5,106
"787","1797","1290","1106",1.5,10.576,5.65,1.07,8.72,73
"788","1798","1290","393",2,16.733,10.01,2.49,7.5,134
"789","1799","1291","38",1,7.564,3.31,0.62,9.69,47
"790","1800","1292","356",2,15.455,7.08,2.14,7.5,124
"791","1801","1293","1292",1.5,9.618,11.67,1.75,8.82,65
"792","1803","1294","357",1.5,12.554,10.08,2.4,7.69,98
"793","1804","1295","357",2.5,19.416,5.91,1.16,7.5,155
"794","1805","1295","927",2.5,19.53,3.18,0.72,7.5,156
"795","1806","927","1296",2,17.779,4.36,1.11,7.5,142
"796","1809","1298","1278",2,18.254,1,0.51,7.5,146
"797","1810","1299","1298",2,13.503,14.08,2.94,7.5,108
"798","1811","1300","1299",1.5,12.409,11.42,3.63,7.5,99
"799","1812","1301","1255",2,16.101,15.14,3.37,7.5,129
"800","1813","1302","1301",1,7.404,7.29,2.79,9.05,49
"801","1814","1302","1303",2,16.708,6.41,2.58,7.5,134
"802","1815","1304","1303",1.5,12.503,9.78,2.97,7.5,100
"803","1816","1304","140",2,17.405,6.87,1.02,7.5,139
"804","1821","1307","305",1,13.396,14.85,3.29,7.5,107
"805","1822","1307","1018",2,14.313,7.57,1.89,7.5,115
"806","1823","1308","1018",1.5,12.572,7.58,1.23,8.08,93
"807","1824","525","1308",1.5,13.119,2.17,0.69,8.02,98
"808","1827","1312","1311",2.5,18.01,50.89,8.23,7.5,144
"809","1828","1313","1312",3,22.048,22.7,3.49,7.5,176
"810","1829","1315","1314",1.5,8.773,42.93,11.54,7.5,70
"811","1830","1316","1315",1.5,4.252,45.61,12.92,7.5,34
"812","1832","1318","1311",2,15.654,21.87,5.35,7.5,125
"813","1833","1317","1311",1.5,8.82,13.48,4.68,7.5,71
"814","1834","1317","100",1.5,10.462,29,7.7,7.5,84
"815","1835","1319","1249",1.25,8.884,17.29,6.27,7.5,71
"816","1836","1318","1249",1,8.401,9.57,2.54,8.88,57
"817","1838","1322","1321",1.75,14.101,21.48,4.21,7.5,113
"818","1840","1323","1322",2.5,16.966,20.57,5.23,7.5,136
"819","1841","1324","1323",2,16.869,5.67,1.49,7.5,135
"820","1842","1325","1324",1.5,10.466,4.72,1.05,8.75,72
"821","1846","1328","185",2.5,18.917,5.82,0.93,7.5,151
"822","1847","1329","1321",1.75,13.7,14.28,3.88,7.5,110
"823","1848","1329","1328",2,14.464,13.87,1.46,7.5,116
"824","1851","100","1331",2,15.289,9.33,3.1,7.5,122
"825","1852","1331","1309",1.5,11.871,13.06,3.44,7.5,95
"826","1853","1332","1309",1.75,14.78,5.19,1.45,7.5,118
"827","1854","1333","1332",2.75,19.898,8.75,2.07,7.5,159
"828","1855","1629","1333",1,9.242,11.27,3.32,8.21,68
"829","1856","1629","1334",2,13.42,16.99,2.65,7.5,107
"830","1857","253","1334",1.5,10.977,10.65,2.31,8.2,80
"831","1858","802","1335",2.5,17.585,16.01,3.68,7.5,141
"832","1859","337","333",2,16.603,4.01,1.05,7.5,133
"833","1860","292","337",2.5,19.523,2.45,0.61,7.5,156
"834","1863","307","749",2,15.735,11.37,1.35,7.5,126
"835","1865","1338","481",1.5,12.074,9.72,3.2,7.5,97
"836","1866","481","1339",1.75,12.448,14.08,4.6,7.5,100
"837","1867","1340","1339",1,8.792,15.95,4.47,7.59,70
"838","1868","1636","1340",1.5,9.266,11.04,3.56,8.06,69
"839","1869","1636","1341",2,16.025,17.47,3.93,7.5,128
"840","1870","1342","354",1.5,9.392,7.88,2.49,8.6,65
"841","1871","773","1344",2,12.962,38.84,9.51,7.5,104
"842","1872","1344","1343",1.25,8.201,34.53,8.05,7.5,66
"843","1875","1642","1346",1.5,7.528,24.4,8.51,7.5,60
"844","1876","1347","1346",1.5,5.547,43.14,9.62,7.5,44
"845","1880","1657","1656",1.5,8.971,3.85,1.26,9.16,59
"846","1881","1656","1348",1,6.325,1.78,0.69,10.06,38
"847","1882","1350","1348",1,4.827,1.52,0.47,10.53,28
"848","1883","1351","1350",1.5,11.711,7.42,2.06,8.09,87
"849","1884","1351","1352",1.5,12.12,3.36,1.16,8.24,88
"850","1885","1353","1352",1.5,10.474,2.09,0.77,8.8,71
"851","1886","1355","1354",1.5,10.92,8.22,0.97,8.63,76
"852","1887","1354","1353",1,9.508,4.91,1.71,8.87,64
"853","1888","1356","1355",2,14.025,4.65,1.18,7.66,110
"854","1889","1357","1356",1.5,13.453,2.8,0.7,7.92,102
"855","1890","1357","1172",1.5,6.395,1.82,0.42,10.06,38
"856","1892","1359","1358",2,13.819,0.5,0.08,7.85,106
"857","1893","1360","1359",2,15.101,3.06,0.73,7.5,121
"858","1894","205","1364",2.5,19.747,3.63,0.97,7.5,158
"859","1895","1364","1363",1.5,12.883,4.99,1.29,7.98,97
"860","1896","1363","1362",2,17.336,6.93,1.46,7.5,139
"861","1897","1362","1361",2.5,20.492,6.83,1.5,7.5,164
"862","1898","1361","1360",2,14.912,12.3,2.4,7.5,119
"863","1901","1639","1365",1.5,10.538,12.2,1.54,8.61,73
"864","1902","1639","1366",1,6.32,4.12,1.69,9.83,39
"865","1903","923","921",2,15.416,5.17,0.87,7.5,123
"866","1905","1369","1368",1.5,12.369,3.12,0.9,8.21,90
"867","1906","1367","1368",1.5,10.325,3.19,0.62,8.87,70
"868","1907","190","1367",1,8.349,2.47,0.66,9.45,53
"869","1910","208","128",1.5,13.601,1.53,0.32,7.91,103
"870","1911","490","128",1.75,13.471,1.13,0.28,7.95,102
"871","1912","641","490",1,9.063,1.64,0.38,9.27,59
"872","1913","495","775",1.5,12.5,6.94,2.09,7.84,96
"873","1917","1653","1652",1.5,9.221,7.33,2.3,8.74,63
"874","1918","1653","903",1.5,12.93,6.59,1.65,7.86,99
"875","1925","1378","1377",1.5,8.889,2.44,0.81,9.27,58
"876","1926","1378","151",1,8.509,7.78,1.15,9.32,55
"877","1931","24","1381",1.5,11.449,4.01,1.31,8.4,82
"878","1932","1383","1112",2.5,19.48,16.87,3.14,7.5,156
"879","1933","1384","250",2,15.59,16,3.8,7.5,125
"880","1934","1384","1112",2,13.959,12.24,1.97,7.5,112
"881","1937","1387","79",2,17.665,4.6,0.91,7.5,141
"882","1938","1387","1630",2,17.626,6.47,1.99,7.5,141
"883","1939","280","1630",1.5,13.408,8.47,1.24,7.83,103
"884","1943","937","973",2.5,21.658,9.73,1.84,7.5,173
"885","1950","1395","257",3,23.805,7.83,1.92,7.5,190
"886","1951","443","306",2.5,19.891,9.66,1.8,7.5,159
"887","1952","1396","210",1,9.8,6.96,1.21,8.92,66
"888","1963","118","1386",2,23.645,16.47,1.7,7.5,189
"889","1964","1404","1386",2.5,15.233,16.31,3.86,7.5,122
"890","1965","1390","1133",3,24.515,15.33,2.28,7.5,196
"891","1966","1405","59",1.5,12.331,5.13,1.3,8.14,91
"892","1967","1406","1407",1.5,11.323,11.31,4.42,7.5,91
"893","1968","1406","1405",1.5,14.822,6.18,2.05,7.5,119
"894","1970","1408","1407",2,17.002,9.96,2.51,7.5,136
"895","1971","1411","1394",1.5,15.568,5.98,1.85,7.5,125
"896","1974","1413","160",2,17.541,3.91,1.17,7.5,140
"897","1977","1254","1175",1.5,9.667,7.89,1.5,8.89,65
"898","1982","1416","1280",0.5,8.654,36.29,12.08,7.5,69
"899","1983","242","1417",2,17.447,4.71,1.32,7.5,140
"900","1984","1418","1417",2,17.032,3.56,1.29,7.5,136
"901","1985","1418","1250",2,15.524,3.91,1.34,7.5,124
"902","1986","1419","39",2.5,18.22,5.49,1.71,7.5,146
"903","1987","1419","1250",1,8.981,3.07,1.23,9.16,59
"904","1989","1319","1313",2.5,18.299,19.74,3.63,7.5,146
"905","1994","863","126",3,25.01,7.65,1.15,7.5,200
"906","1995","234","1422",2,17.607,2.93,0.62,7.5,141
"907","1996","995","1422",2,15.456,7.96,1.65,7.5,124
"908","1997","233","1401",3,23.876,17.24,2.85,7.5,191
"909","1998","995","1401",3.25,25.716,10.52,1.74,7.5,206
"910","2002","1426","198",1.5,11.161,14.09,2.23,8.18,82
"911","2003","773","1427",2,16.223,13.12,2.67,7.5,130
"912","2004","1427","1429",2.25,18.181,7.75,1.02,7.5,145
"913","2005","1429","1428",1.75,13.376,21.57,5.9,7.5,107
"914","2006","68","1649",1.5,10.481,27.74,5.27,7.5,84
"915","2007","1649","67",2,15.134,27.25,6.19,7.5,121
"916","2008","1430","360",1.5,12.742,7.96,1.17,8.05,95
"917","2009","1431","1430",1.5,12.37,9.22,1.25,8.14,91
"918","2012","1432","412",2,14.839,15.97,3.17,7.5,119
"919","2013","1432","1433",2.5,20.311,10.75,1.53,7.5,162
"920","2014","1434","1433",2.5,19.191,12.11,2,7.5,154
"921","2016","1284","1435",2.25,17.763,12.79,4.51,7.5,142
"922","2017","1284","1116",1.25,9.925,7.83,1.69,8.75,68
"923","2018","1435","262",2.5,18.436,18.56,3.69,7.5,147
"924","2022","1126","1441",2,14.414,7.25,1.82,7.5,115
"925","2023","574","92",2.5,18.601,13.13,3.47,7.5,149
"926","2024","1442","92",2,9.928,18.35,4.16,7.5,79
"927","2025","1442","1443",2,13.054,15.05,2.89,7.5,104
"928","2026","1444","1443",2,16.448,15.81,3.87,7.5,132
"929","2027","1445","1444",1.75,13.341,12.85,3.94,7.5,107
"930","2028","1446","1445",1.5,12.03,5.65,0.79,8.33,87
"931","2029","1447","1446",1.5,11.459,2.95,0.69,8.52,81
"932","2030","1447","483",2,13.309,8.08,2.02,7.62,105
"933","2038","1454","1453",2.5,17.593,11.04,3.23,7.5,141
"934","2042","1248","185",2.5,14.984,5.24,1.06,7.5,120
"935","2045","301","292",2,16.405,1.18,0.47,7.5,131
"936","2046","1385","1000",3,17.594,13.13,2.04,7.5,141
"937","2053","61","1459",2.5,22.495,7.37,1.45,7.5,180
"938","2054","1459","1174",2,12.564,9.33,1.77,7.93,95
"939","2058","1461","324",2,15.344,8.06,1.9,7.5,123
"940","2061","1462","1434",1.5,12.42,10.72,1.55,8.05,93
"941","2062","1463","1462",1.5,13.946,10.56,1.68,7.55,111
"942","2063","1463","413",2,9.899,11.51,3.9,7.66,78
"943","2064","1464","1434",1.5,13.621,17.1,2.57,7.5,109
"944","2065","1464","1404",2.5,17.911,3.92,0.93,7.5,143
"945","2073","1020","1012",1.5,15.519,10.6,2.88,7.5,124
"946","2074","1020","1469",2,13.515,10.7,1.63,7.69,105
"947","2079","1633","3",1.5,6.37,72.75,30.87,7.5,51
"948","2080","1633","2",1.5,6.28,10.69,4.17,8.56,44
"949","2081","1","1471",1.5,10.734,26.1,7.36,7.5,86
"950","2082","1471","1325",2.5,19.147,7.91,0.84,7.5,153
"951","2083","400","1632",2,17.742,4.13,1,7.5,142
"952","2084","1632","1325",2,14.772,4.03,0.83,7.5,118
"953","2085","504","1018",NA,13.607,8.76,2.1,7.5,109
"954","2092","311","443",2.5,19.028,7.02,1.49,7.5,152
"955","2093","899","1477",2,13.591,59.45,11.07,7.5,109
"956","2095","1476","898",2.5,18.544,37.7,9.45,7.5,148
"957","2096","177","1476",2.5,20.223,10.73,2.82,7.5,162
"958","2097","1478","959",2.5,29.843,9.39,1.99,7.5,239
"959","2101","746","1480",1.5,13.388,9.25,1.61,7.74,104
"960","2102","1481","414",2,15.727,15.77,3.26,7.5,126
"961","2103","1481","1404",2.25,16.398,15.9,2.5,7.5,131
"962","2104","1482","937",1.5,12.317,5.13,1.63,8.05,92
"963","2107","1435","1283",2,15.568,12.95,3.78,7.5,125
"964","2108","714","1585",2.75,21.852,4.61,1,7.5,175
"965","2109","1485","1484",1.5,33.995,8.82,2.43,7.5,272
"966","2110","718","1486",1,4.933,3.7,1.28,10.36,29
"967","2111","313","1486",2,15.849,5.09,1.09,7.5,127
"968","2115","1385","414",2.25,17.92,20.11,1.74,7.5,143
"969","2116","1116","1114",2.5,19.235,13.21,2.75,7.5,154
"970","2119","1435","271",1.5,10.195,10.02,3.47,7.84,78
"971","2120","1490","962",2,17.043,9.64,2.66,7.5,136
"972","2121","1490","1478",2,15.444,15.39,3.89,7.5,124
"973","2122","19","1626",2,14.256,12.73,2.54,7.5,114
"974","2123","17","1626",2,16.245,15.88,2.97,7.5,130
"975","2124","20","1491",2,14.536,8.11,2.21,7.5,116
"976","2125","313","1491",1.5,9.916,5.65,0.9,8.95,66
"977","2126","1487","18",1.5,10.214,5.13,1.57,8.7,70
"978","2127","1487","15",1.5,11.254,4.56,1.43,8.43,80
"979","2136","1472","1084",1.5,12.936,10.63,2.3,7.62,102
"980","2137","1049","857",2.25,16.797,2.46,0.95,7.5,134
"981","2139","1499","1500",1.5,10.347,10.55,3.29,7.9,79
"982","2140","1501","1500",2,18.896,8.03,2.03,7.5,151
"983","2141","1634","1501",1,5.983,2.89,0.85,10.14,35
"984","2142","1634","1502",1.5,13.184,4.09,1.54,7.82,101
"985","2143","1503","1502",1.75,14.23,6.67,2.65,7.5,114
"986","2144","1504","1503",1,14.808,19.31,2.84,7.5,118
"987","2145","478","1637",2,17.596,7.69,2.55,7.5,141
"988","2146","1637","1506",1.5,11.411,7.03,2.7,7.89,87
"989","2150","1509","1508",1.5,10.568,4.72,1.7,8.55,74
"990","2153","1640","1365",2,14.617,8.65,2.14,7.5,117
"991","2154","1511","1510",2,14.214,4.07,0.98,7.64,112
"992","2155","1512","1511",1.5,11.739,9.69,1.56,8.25,85
"993","2158","1514","163",2.5,22.532,4.32,1.28,7.5,180
"994","2159","1515","1514",3,21.969,6.74,1.64,7.5,176
"995","2160","1515","170",3,20.717,6.04,1.68,7.5,166
"996","2161","1516","170",2.5,19.481,7.54,1.3,7.5,156
"997","2162","1516","174",2.5,18.304,6.69,0.87,7.5,146
"998","2164","1078","277",2,11.003,31.12,5.96,7.5,88
"999","2165","1518","259",2,14.572,21.63,4.3,7.5,117
"1000","2166","1518","846",1.5,13.017,5.5,1.46,7.89,99
"1001","2167","1519","846",1.5,13.197,2.64,1.06,7.93,100
"1002","2168","1519","270",2,18.728,11.89,2.18,7.5,150
"1003","2170","1520","1521",1,8.353,3.97,1.79,9.19,55
"1004","2173","1524","1523",2.5,20.147,5.46,1.3,7.5,161
"1005","2174","1524","160",2,13.122,2.9,0.72,8.01,98
"1006","2175","1521","1485",1.5,11.639,7.78,2.2,8.05,87
"1007","2176","1517","1485",3,22.857,8.24,1.99,7.5,183
"1008","2177","1525","1517",2,13.903,8.87,2.5,7.5,111
"1009","2178","937","1525",2.5,20.808,6.29,2.06,7.5,166
"1010","2179","1525","1484",3,21.731,10.11,2.67,7.5,174
"1011","2180","1526","1484",2.5,20.081,5.82,2.01,7.5,161
"1012","2181","1610","1526",1.5,10.854,6.57,2.24,8.27,79
"1013","2182","1610","1527",1.5,11.481,7.82,2.89,7.78,89
"1014","2183","1527","956",2,14.916,13.96,1.57,7.5,119
"1015","2187","1133","980",2,15.198,8.07,2.07,7.5,122
"1016","2191","502","1486",1.5,10.871,10.06,1.8,8.43,77
"1017","2194","1125","1531",1.5,10.502,23.86,5.1,7.5,84
"1018","2202","881","882",2.25,16.834,15.61,3.11,7.5,135
"1019","2206","1643","550",2,14.738,12.32,4.28,7.5,118
"1020","2207","1643","390",1.5,8.9,14.18,3.98,7.9,68
"1021","2210","21","27",2,14.916,6.17,1.22,7.5,119
"1022","2211","24","21",2,13.909,2.32,0.33,7.82,107
"1023","2212","546","24",1.5,12.011,1.93,0.56,8.37,86
"1024","2213","287","282",1.5,10.381,2.99,1.05,8.78,71
"1025","2214","285","280",1.5,13.248,8.2,2.06,7.63,104
"1026","2215","280","286",1.5,12.516,5.12,0.8,8.18,92
"1027","2216","286","281",1.75,14.277,6.42,1.62,7.5,114
"1028","2217","283","210",2,17.084,7.9,1.15,7.5,137
"1029","2218","283","281",1.75,12.879,3.18,0.42,8.12,95
"1030","2221","534","426",1.5,12.694,15.8,2.66,7.53,101
"1031","2222","426","421",2,15.401,9.87,1.54,7.5,123
"1032","2223","1538","388",1,8.415,14.19,2.2,9.02,56
"1033","2224","1540","1428",1.5,9.861,17.81,6.31,7.5,79
"1034","2225","1540","1539",1,10.621,12.72,2.69,8.14,78
"1035","2228","127","1570",2.5,16.994,10.42,2.83,7.5,136
"1036","2229","123","1570",2,17.382,5.42,1.18,7.5,139
"1037","2242","1550","269",1.5,11.902,18.04,1.76,8.13,88
"1038","2243","1550","267",1.5,9.492,14.14,4.53,7.5,76
"1039","2244","1627","261",1.5,11.652,7.49,1.16,8.38,83
"1040","2245","274","1627",2,14.874,13.71,3.18,7.5,119
"1041","2251","1554","1166",1.5,13.706,14.14,4.19,7.5,110
"1042","2252","1555","1554",2.5,19.997,19.09,3.72,7.5,160
"1043","2253","1555","1158",1.25,7.569,9.28,2.34,9.22,49
"1044","2254","1556","1554",3,22.332,6.53,1.62,7.5,179
"1045","2255","1556","1116",1.5,11.63,18.2,4.42,7.5,93
"1046","2259","317","443",2,18.783,7.77,1.34,7.5,150
"1047","2260","321","443",2,19.06,7.81,1.35,7.5,152
"1048","2261","1518","847",3,19.556,20.01,4.97,7.5,156
"1049","2265","1248","1319",2.25,17.901,6.9,1.62,7.5,143
"1050","2266","1248","1318",2,14.501,7.1,1.79,7.5,116
"1051","2267","1488","962",2.5,16.454,10.02,2.45,7.5,132
"1052","2273","1562","92",2,14.805,19.13,5.64,7.5,118
"1053","2276","1564","1565",2.5,17.445,16.43,4.39,7.5,140
"1054","2277","1564","1454",2,14.5,15.78,2.73,7.5,116
"1055","2278","1566","1565",1.5,13.551,13.81,1.68,7.67,106
"1056","2279","1566","39",2.5,17.664,1.33,0.22,7.5,141
"1057","2280","1531","1158",1.5,11.744,18.22,4.59,7.5,94
"1058","2281","1534","1146",2,16.226,12.14,3.1,7.5,130
"1059","2282","1138","1534",1.5,12.126,1.51,0.34,8.35,87
"1060","2284","1567","1146",2,14.751,13.11,2.86,7.5,118
"1061","2289","1618","863",1,6.804,1.93,1,9.86,41
"1062","2290","1618","124",1.5,12.445,7.95,1.77,7.97,94
"1063","2291","1619","124",1.5,11.223,7.44,1.2,8.49,79
"1064","2292","1619","428",1,6.85,3.76,0.69,9.9,42
"1065","2293","407","1568",1.5,13.375,7.23,0.56,7.96,101
"1066","2294","1569","126",1.5,7.529,11.28,2.18,9.29,49
"1067","2295","1569","430",1,11.552,9.36,2.09,8.12,85
"1068","2301","1572","174",2,14.367,8.71,0.76,7.63,113
"1069","2302","1573","1545",1.5,9.661,3.15,0.43,9.08,64
"1070","2303","1574","1573",2,16.279,8.84,1.72,7.5,130
"1071","2304","1575","1574",1.5,11.129,6.26,1.81,8.35,80
"1072","2305","122","1576",2,16.736,6.31,0.84,7.5,134
"1073","2306","1576","879",2,13.738,1.93,0.5,7.85,105
"1074","2307","1575","879",2,12.94,11.29,1.6,7.87,99
"1075","2308","1577","1360",1.25,9.323,1.85,0.56,9.17,61
"1076","2309","1578","1577",1.5,12.002,4.92,1.12,8.28,87
"1077","2310","1579","1578",1.5,13.28,6.12,0.87,7.94,100
"1078","2311","1579","434",2.5,17.579,5.99,1.25,7.5,141
"1079","2313","47","781",1,7.92,3.39,1.36,9.45,50
"1080","2314","1580","154",1.5,11.811,9.61,1.91,8.11,87
"1081","2315","1580","159",2.25,15.066,10.83,2.32,7.5,121
"1082","2316","1581","900",2,15.1,15.3,3.02,7.5,121
"1083","2317","1581","592",1,8.045,20.31,3.95,8.18,59
"1084","2318","1582","100",2,10.885,20.77,4.96,7.5,87
"1085","2319","1582","1170",1.5,7.593,36.56,11.19,7.5,61
"1086","2322","182","175",2,13.416,22.34,3.87,7.5,107
"1087","2323","1482","936",1.5,18.832,3.65,0.96,7.5,151
"1088","2324","1584","117",1.5,10.211,11.76,2.48,8.36,73
"1089","2325","1584","121",1.25,9.964,5.07,1.09,8.9,67
"1090","2326","753","435",2,13.3,7.57,1.59,7.77,103
"1091","2328","738","504",2,16.498,9.94,3.14,7.5,132
"1092","2330","1390","236",2,17.8,5.85,1.59,7.5,142
"1093","2331","1390","981",3,21.719,6.35,0.89,7.5,174
"1094","2334","1586","1585",2,15.24,7.72,1.54,7.5,122
"1095","2336","1587","269",2.5,18.381,14.67,2.13,7.5,147
"1096","2337","680","244",2,17.259,3.1,0.47,7.5,138
"1097","2338","693","242",2,17.063,4.22,0.94,7.5,137
"1098","2339","693","752",2,16.67,5.78,1.35,7.5,133
"1099","2340","1567","1076",1.5,10.92,10.83,2.39,8.19,80
"1100","2341","1567","1534",2,6.444,14.5,4.73,8.1,48
"1101","2342","1077","1534",2,13.921,4.15,1.2,7.69,109
"1102","2343","1588","212",2,14.624,4.08,0.86,7.54,116
"1103","2346","165","1592",2,16.505,3.99,1.11,7.5,132
"1104","2347","1592","1591",1.25,9.602,5.21,1.37,8.94,64
"1105","2350","1593","607",1.5,10.807,7.06,2.47,8.18,79
"1106","2351","1593","86",2,13.582,11.94,4.08,7.5,109
"1107","2352","1594","454",2.75,21.526,2.84,0.46,7.5,172
"1108","2353","1595","18",1.5,13.065,4.58,2.02,7.7,102
"1109","2354","1595","1180",1.75,13.367,7.44,2.34,7.5,107
"1110","2364","1599","179",1.5,12.98,32.08,7.5,7.5,104
"1111","2372","1601","510",2,16.114,11.64,2.98,7.5,129
"1112","2379","371","1603",1.5,13.261,10.65,2.42,7.5,106
"1113","2380","1603","370",1.5,11.216,23.08,6.27,7.5,90
"1114","2381","1457","370",1,8.809,14.44,3.14,8.45,63
"1115","2382","1604","372",1,11.116,5.07,0.72,8.62,77
"1116","2383","1604","1457",1.5,11.511,3.17,1,8.45,82
"1117","2384","486","1609",1,4.837,0.46,0.26,10.54,28
"1118","2385","1609","1608",2,17.608,11.07,2.96,7.5,141
"1119","2386","1608","1607",2.5,18.809,9.98,2.53,7.5,150
"1120","2387","1607","39",2.5,19.75,11.81,1.2,7.5,158
"1121","2390","2202","1480",1.25,9.411,9.51,1.39,8.99,63
"1122","2391","2202","1404",1.5,11.547,2.23,0.78,8.48,82
"1123","2392","995","1701",2,14.921,7.58,2.46,7.5,119
"1124","2393","994","1701",1.5,12.216,7.77,2.25,7.86,93
"1125","2396","2209","225",2.5,17.58,4.74,1.07,7.5,141
"1126","2397","2209","1568",21,14.934,6.95,1.55,7.5,119
"1127","2400","1703","1545",1.5,9.005,8.19,1.63,9.05,60
"1128","2401","1700","468",1,8.601,2.16,0.76,9.36,55
"1129","2402","1700","1366",1.5,11.673,6.46,1.68,8.23,85
"1130","2405","639","2226",2,10.683,3.87,0.94,8.71,74
"1131","2406","523","2226",1,5.371,2.59,0.79,10.33,31
"1132","2407","1948","1300",1.25,7.998,11.01,3.82,8.28,58
"1133","2408","1948","1255",1.75,12.96,11.49,3.95,7.5,104
"1134","2411","1707","1594",2,16.329,13.72,4.3,7.5,131
"1135","2412","1901","48",1.5,12.353,17.64,5.12,7.5,99
"1136","2416","2214","477",1,10.359,12.85,3.5,7.77,80
"1137","2417","475","2214",1.5,10.752,6.85,2.37,8.25,78
"1138","2418","478","1930",1.5,10.647,6.1,2.73,8.11,79
"1139","2419","1338","1930",1.5,7.815,13.67,4.33,7.98,59
"1140","2422","1341","2216",2,10.875,31.83,5.06,7.5,87
"1141","2423","1342","2216",1.5,8.855,9.82,3.62,8.15,65
"1142","2424","2197","1505",1,9.829,14.11,2.75,8.35,71
"1143","2425","2197","1381",1.5,8.006,8.1,2.34,9.08,53
"1144","2426","352","2217",1.5,14.493,36.8,6.2,7.5,116
"1145","2427","346","2217",1,4.791,18.67,8.48,7.5,38
"1146","2441","1752","517",1.5,12.072,2.27,1.7,8.1,89
"1147","2449","2222","131",1.5,10.849,0.91,0.35,8.73,75
"1148","2450","2222","1230",1.75,14.142,10.15,1.4,7.57,112
"1149","2451","1705","1590",1.5,12.358,1.69,0.56,8.26,90
"1150","2452","1705","1591",2,10.1,4.15,1.37,8.79,69
"1151","2455","1670","1285",1.5,8.149,6.69,2.49,8.98,54
"1152","2456","806","686",2,18.645,0.92,0.24,7.5,149
"1153","2457","1291","1698",1.5,14.213,3.18,0.58,7.7,111
"1154","2458","1698","1253",1.5,7.701,1.29,0.21,9.69,48
"1155","2459","2206","373",2,18.102,0.63,0.14,7.5,145
"1156","2460","2206","1103",1.5,13.185,0.32,0.11,8.04,98
"1157","2467","1695","166",1.5,14.123,4.54,0.35,7.75,109
"1158","2468","12","2196",1.5,13.124,11.72,2,7.69,102
"1159","2469","19","2196",2,15.505,12.46,3.45,7.5,124
"1160","2470","1745","1469",1.5,11.368,5.45,1.13,8.47,81
"1161","2471","1831","1654",1,8.952,8.19,2.28,8.82,61
"1162","2472","1819","1831",2,11.346,14.23,2.28,8.11,84
"1163","2473","1819","1640",1.5,10.69,16.17,2.62,8.15,79
"1164","2474","1819","1510",2.5,11.728,8.07,2.68,7.81,90
"1165","2476","2211","1240",2.5,19.115,9.88,2.41,7.5,153
"1166","2480","1739","1562",1.5,11.951,7.4,2.48,7.84,91
"1167","2481","1739","1276",1.5,13.103,6.9,2.2,7.61,103
"1168","2482","2205","1127",1.5,9.605,4.41,1.5,8.9,65
"1169","2483","2205","1472",2,17.113,4.46,1.72,7.5,137
"1170","2484","2208","1313",1.5,10.164,29.03,6.33,7.5,81
"1171","2485","1314","2208",1.5,8.905,18.05,4.12,7.8,68
"1172","2487","1791","1257",2,14.493,16.86,4.37,7.5,116
"1173","2488","1256","1791",2,15.803,11.68,2.93,7.5,126
"1174","2489","2211","174",2.5,19.932,11.39,1.45,7.5,159
"1175","2490","1753","322",1.75,13.259,9.17,1.89,7.68,104
"1176","2491","1753","866",1.25,9.492,13.56,2.87,8.39,68
"1177","2492","232","228",1.5,15.486,12.62,1.14,7.5,124
"1178","2493","791","171",1.5,12.929,4.4,1.43,7.93,98
"1179","2494","331","333",3.5,27.863,14.16,2.02,7.5,223
"1180","2495","1754","1104",1,4.94,0.87,0.34,10.51,28
"1181","2496","1755","1754",1,10.424,4.43,0.49,8.85,71
"1182","2497","1757","1756",2.25,18.374,2.01,0.63,7.5,147
"1183","2498","1756","1755",2.5,13.718,10.23,2.96,7.5,110
"1184","2499","1758","1125",3.5,28.208,41.01,10.2,7.5,226
"1185","2500","1754","381",1.5,10.373,1.89,0.61,8.85,70
"1186","2501","1759","381",2,15.401,0.88,0.31,7.5,123
"1187","2502","1759","710",1.25,10.072,0.72,0.26,8.97,67
"1188","2503","1760","373",1.5,9.973,0.45,0.13,9.01,66
"1189","2504","364","1760",2,14.682,0.54,0.1,7.59,116
"1190","2509","1754","1691",1.5,11.934,9.31,1.7,8.14,88
"1191","2510","1767","804",2.25,17.501,4.28,1.5,7.5,140
"1192","2511","1767","489",1.5,11.3,10.69,1.93,8.26,82
"1193","2512","1756","804",2.25,15.535,18.03,3.41,7.5,124
"1194","2513","1759","1756",2.25,15.961,0.92,0.16,7.5,128
"1195","2514","1768","1293",1.5,9.962,8.77,1.78,8.71,69
"1196","2515","1768","1294",1.5,12.513,7.13,0.85,8.18,92
"1197","2516","1296","1278",3,19.275,16.67,1.46,7.5,154
"1198","2517","1769","1121",1.75,15.474,14.74,1.8,7.5,124
"1199","2518","1769","1123",1,7.845,9.74,3.55,8.5,55
"1200","2519","1567","1138",1.5,15.605,12.59,3.78,7.5,125
"1201","2520","806","683",2,13.738,12.52,3,7.5,110
"1202","2521","242","683",2,17.847,6.27,0.92,7.5,143
"1203","2522","508","301",2,17.942,2.16,0.79,7.5,144
"1204","2526","1772","1316",NA,18.508,11.49,5.15,7.5,148
"1205","2528","1312","1249",2,9.159,35.48,8,7.5,73
"1206","2529","1318","1312",1,7.382,34.5,7.62,7.5,59
"1207","2530","1773","145",1.5,11.552,2.23,0.67,8.49,82
"1208","2531","1773","1377",1.5,11.125,3.5,0.53,8.64,77
"1209","2532","1774","1377",1.75,13.336,8.77,1.49,7.79,103
"1210","2533","1775","1774",1,7.102,5,1.55,9.64,44
"1211","2534","1776","1775",1.25,9.708,3.27,0.84,9.02,65
"1212","2535","1897","1777",1.25,9.155,2.31,0.61,9.22,60
"1213","2536","1898","1777",1.5,12.855,9.5,0.97,8.05,96
"1214","2537","1898","1778",1.5,8.894,2.71,0.76,9.28,58
"1215","2538","1781","1780",1.25,10.966,4.35,0.73,8.66,76
"1216","2539","1780","1779",1.75,13.582,3.41,0.91,7.85,104
"1217","2540","1779","1778",1.5,11.63,6.22,0.99,8.42,83
"1218","2541","1782","1781",1.5,12.233,2.71,0.91,8.25,89
"1219","2542","1782","1294",3,24.267,10.21,2.28,7.5,194
"1220","2543","1783","1777",2,15.716,5.69,1.4,7.5,126
"1221","2544","1784","1783",2.5,21.582,5.63,1.35,7.5,173
"1222","2545","1899","1784",2.5,21.78,14.41,1.99,7.5,174
"1223","2546","1785","1899",1.5,10.913,15.07,3.37,7.68,85
"1224","2547","1785","927",1.75,12.572,15.44,2.34,7.71,98
"1225","2548","1782","761",1.75,15.111,4.44,0.93,7.5,121
"1226","2550","1900","1657",1,4.817,3.51,1.21,10.41,28
"1227","2551","1358","76",2,14.378,1.88,0.54,7.66,113
"1228","2552","1786","934",2,15.08,3.8,1.16,7.5,121
"1229","2553","1786","972",1,9.008,4.42,1.23,9.15,59
"1230","2554","967","965",3,19.042,13.97,3.41,7.5,152
"1231","2555","1657","1349",1.25,11.25,6.64,2.1,8.21,82
"1232","2556","1349","1348",1.5,12.814,3.14,1.08,8.04,96
"1233","2557","1787","1661",2,12.925,22.73,2.13,7.69,101
"1234","2558","1787","1379",2.5,15.816,15.04,3.78,7.5,127
"1235","2559","1379","450",1,7.453,3.11,0.51,9.74,46
"1236","2560","454","450",2.5,20.479,3.95,0.49,7.5,164
"1237","2561","454","1788",2.5,22.557,11.02,1.23,7.5,180
"1238","2562","139","1788",1.5,9.538,1.34,0.3,9.13,63
"1239","2563","918","46",2,15.505,12.84,3.12,7.5,124
"1240","2564","1901","1902",1.5,8.771,4.79,1.56,9.14,58
"1241","2565","1902","463",2.5,19.878,27.42,5.36,7.5,159
"1242","2566","1789","457",1.5,13.779,25.13,4.27,7.5,110
"1243","2567","1789","460",1,7.788,17.47,4.85,7.61,61
"1244","2568","1790","28",2,12.538,9.91,1.64,7.98,94
"1245","2569","1790","30",2,7.018,27.58,7.49,7.5,56
"1246","2570","1792","1793",2.5,22.241,4.69,0.93,7.5,178
"1247","2571","1794","1793",2.5,19.813,5.33,0.91,7.5,159
"1248","2572","1009","65",2,14.904,13.52,3.71,7.5,119
"1249","2573","235","1408",2.5,21.932,16.9,3.86,7.5,175
"1250","2574","1411","238",2,11.109,8,2.93,7.87,85
"1251","2575","1394","1795",2,17.893,8.92,1.78,7.5,143
"1252","2576","1795","1413",1,9.538,5.52,1.97,8.77,65
"1253","2577","1521","1523",3,23.572,13.5,2.27,7.5,189
"1254","2578","1408","1796",1.5,11.902,10.5,2.19,7.98,90
"1255","2579","241","1796",1.5,12.814,12.06,2.06,7.76,99
"1256","2580","1797","899",2,13.672,12.58,2.36,7.5,109
"1257","2581","1798","1797",1.5,10.651,8.08,2.87,8.04,80
"1258","2582","1799","1798",1.25,8.814,12.26,4.04,7.89,67
"1259","2583","1888","1799",1.5,10.797,11.9,4.72,7.5,86
"1260","2584","1888","1800",1.5,6.774,24.21,8.1,7.5,54
"1261","2585","1889","1800",2,11.64,45.32,10.09,7.5,93
"1262","2586","1889","507",1.75,16.097,9.93,3.47,7.5,129
"1263","2587","1572","1801",1.5,13.718,7,1.92,7.54,109
"1264","2588","300","288",2,17.723,4.74,1.67,7.5,142
"1265","2589","1802","1068",1.5,10.651,5.9,1.2,8.67,74
"1266","2590","1487","1063",2,14.56,6.38,1.86,7.5,116
"1267","2591","304","1803",1,8.987,2.59,1.17,9.17,59
"1268","2592","877","1803",2,8.415,4.32,1.49,9.27,54
"1269","2595","1805","1675",1.5,11.662,14.71,2.28,8.01,87
"1270","2596","887","1805",1.75,14.203,4.17,0.88,7.66,111
"1271","2597","672","1441",2.5,19.962,13.39,3.11,7.5,160
"1272","2598","672","1334",1.5,9.851,6,1.66,8.78,67
"1273","2599","1806","1136",2,14.656,22.8,6.24,7.5,117
"1274","2600","1806","271",1,8.286,7.23,2.9,8.74,57
"1275","2602","1807","1599",1.5,10.057,51.62,11.23,7.5,80
"1276","2603","1807","899",1.5,9.569,36.72,10.62,7.5,77
"1277","2604","1890","1477",1.5,10.777,17.28,2.97,7.95,81
"1278","2605","1890","1808",1.5,9.494,48.32,12.91,7.5,76
"1279","2606","1809","1808",1.5,10.001,43.54,9.78,7.5,80
"1280","2607","1810","1809",1.5,10.331,97.83,21.97,7.5,83
"1281","2608","1811","1810",1.5,9.981,102.24,23.33,7.5,80
"1282","2609","1812","1811",2,11.597,83.89,11.96,7.5,93
"1283","2610","1813","1812",2,11.982,42.33,11.73,7.5,96
"1284","2611","1814","1813",1.5,7.102,67.62,20.04,7.5,57
"1285","2612","1816","1814",1,5.349,26.16,10.88,7.5,43
"1286","2613","1816","1815",2,10.465,67.99,20.44,7.5,84
"1287","2614","1395","1394",2.5,20.624,10.24,2.31,7.5,165
"1288","2615","1394","1390",6,45.979,11.4,1.91,7.5,368
"1289","2616","277","1601",3.5,29.347,15.67,3.23,7.5,235
"1290","2617","367","1817",2,14.682,9.55,1.4,7.5,117
"1291","2618","376","1817",1.5,11.772,9.98,3.92,7.5,94
"1292","2619","1504","1818",1.5,12.165,14.77,3.47,7.5,97
"1293","2620","1818","1505",1.5,12.72,6.51,2.09,7.77,98
"1294","2621","1891","1499",1.5,12.167,24.21,6.93,7.5,97
"1295","2622","1891","1339",2,13.631,19.78,5.82,7.5,109
"1296","2623","1819","1509",2.5,20.527,12.37,2.22,7.5,164
"1297","2624","1892","1512",1.75,13.793,6.91,2.54,7.5,110
"1298","2625","1355","1892",1.5,11.477,11.42,2.29,8.06,85
"1299","2626","1165","1554",4,29.597,15.3,3.39,7.5,237
"1300","2627","1820","1554",2.25,20.49,9.43,2.82,7.5,164
"1301","2628","1820","1383",2.75,28.181,15.29,3.05,7.5,225
"1302","2629","658","473",2.5,16.227,6.75,1.28,7.5,130
"1303","2630","1821","433",1,7.211,2.6,1.21,9.7,45
"1304","2631","1821","661",1.75,13.408,1.78,0.63,7.94,101
"1305","2632","1823","1172",2,14.725,2.62,0.49,7.56,117
"1306","2633","1823","1822",1.5,10.042,3.26,1,8.89,68
"1307","2634","1822","433",1.5,11.543,2.74,0.87,8.47,82
"1308","2635","33","1824",2.5,15.5,5.86,1.53,7.5,124
"1309","2638","300","853",2.5,19.069,2.88,1.16,7.5,153
"1310","2639","1050","853",3,23.047,0,0,7.5,184
"1311","2641","409","1886",1.5,11.451,3.55,1.01,8.47,81
"1312","2642","495","1886",1,7.22,6.38,1.69,9.56,45
"1313","2643","1590","1588",3,19.801,2.56,0.64,7.5,158
"1314","2644","1193","1192",2,16.156,7.66,2.08,7.5,129
"1315","2645","1193","645",3,19.416,6.95,2.6,7.5,155
"1316","2646","1828","86",2,13.433,10.27,3.28,7.5,107
"1317","2647","1828","85",1.75,12.115,16.29,5.24,7.5,97
"1318","2648","85","80",2.5,23.308,43.2,8.22,7.5,186
"1319","2649","608","80",2,20.555,40.11,7.82,7.5,164
"1320","2650","608","66",1.5,23.496,15.17,3.86,7.5,188
"1321","2651","1829","492",2,15.274,10.68,2.29,7.5,122
"1322","2652","1829","430",3.5,19.305,6.75,1.26,7.5,154
"1323","2653","216","1707",3,16.905,14.17,3.62,7.5,135
"1324","2654","166","627",1.5,12.87,9.27,1.3,7.98,97
"1325","2655","1830","1369",1.5,13.018,4.28,0.84,8.03,97
"1326","2656","1830","214",1.5,12.408,2.88,0.79,8.22,91
"1327","2657","924","923",2,15.654,7.65,1.42,7.5,125
"1328","2658","925","474",2,12.12,8.47,1.74,8.08,90
"1329","2659","70","1654",2,10.908,8.17,2.51,8.14,80
"1330","2660","1832","635",1.25,9.772,3.2,0.97,8.98,65
"1331","2661","635","1722",2,12.971,3.14,1.02,8.01,97
"1332","2662","875","634",1,13.33,6.78,2.28,7.51,106
"1333","2663","1832","147",1,5.727,5.73,1.5,10.07,34
"1334","2664","1509","1365",3,22.134,7.56,1.7,7.5,177
"1335","2665","1903","904",2.25,16.161,16.94,5.58,7.5,129
"1336","2666","1903","906",2,16.864,11.11,1.38,7.5,135
"1337","2667","1741","907",2,17.149,3.56,0.58,7.5,137
"1338","2668","1741","150",2.5,17.8,7.25,1.17,7.5,142
"1339","2669","520","611",2,14.233,4.63,0.88,7.66,112
"1340","2670","1833","1453",1,7.885,13.26,4.04,8.17,58
"1341","2671","1833","575",1.5,14.376,10.68,2.46,7.5,115
"1342","2672","1454","92",3.5,31.292,9.88,1.68,7.5,250
"1343","2673","1562","885",2.5,19.059,20.29,4.03,7.5,152
"1344","2674","431","1834",1,6.008,7.34,3.25,9.23,39
"1345","2675","409","1834",1.25,10.702,4.41,0.59,8.76,73
"1346","2676","955","953",2.5,20.524,6.37,1.9,7.5,164
"1347","2677","957","956",2.5,19.892,7.88,1.72,7.5,159
"1348","2678","961","960",2,18.356,8.3,3.07,7.5,147
"1349","2679","964","962",2.5,19.293,10.89,2.86,7.5,154
"1350","2680","977","1390",3.5,28.595,12.09,1.52,7.5,229
"1351","2681","977","160",2.5,22.496,3.92,1.39,7.5,180
"1352","2682","1488","964",3,20.334,7.4,1.49,7.5,163
"1353","2683","850","508",2.25,17.077,2.13,0.38,7.5,137
"1354","2684","508","1042",4,29.93,4.01,1.03,7.5,239
"1355","2688","1835","334",2,16.349,8.03,2.49,7.5,131
"1356","2692","1042","509",2,17.44,0,0,7.5,140
"1357","2697","1836","499",1.5,10.816,10.85,2.54,8.15,80
"1358","2698","307","305",3,24.935,11.38,1.98,7.5,199
"1359","2699","1837","826",1.25,8.974,10.48,3.98,7.88,68
"1360","2700","1837","943",2.5,19.251,6.92,1.29,7.5,154
"1361","2701","1837","428",1.5,13.06,5.81,1.69,7.81,100
"1362","2702","680","242",2,14.077,3.62,0.63,7.74,109
"1363","2703","263","249",2,12.774,12.01,3.92,7.5,102
"1364","2704","1838","274",2,16.996,2.71,0.28,7.5,136
"1365","2705","1838","277",1.5,11.826,2.57,0.54,8.42,84
"1366","2706","1839","1148",2,17.117,6.3,1.55,7.5,137
"1367","2707","1742","1839",1.5,11.245,14.12,3.85,7.5,90
"1368","2708","1745","1620",1.5,12.499,17.81,4.47,7.5,100
"1369","2709","814","259",4.25,26.749,18.83,7.31,7.5,214
"1370","2712","1885","861",2,16.824,5.46,0.82,7.5,135
"1371","2713","1885","1840",1.5,11.481,10.03,1.17,8.43,82
"1372","2714","487","1840",1.5,9.862,5.03,0.84,8.97,66
"1373","2715","488","483",2,13.124,17.91,5.74,7.5,105
"1374","2716","1841","882",1,7.826,17.34,4.44,7.9,59
"1375","2717","1841","883",1,9.08,13.15,3.24,8.31,66
"1376","2718","1893","1276",1.25,9.377,8.2,2.75,8.48,66
"1377","2719","1893","1275",1.5,9.291,13.24,4.32,7.55,74
"1378","2720","1894","1271",1,5.894,11.7,5.86,7.5,47
"1379","2721","1894","398",1.5,11.7,11.36,1.45,8.29,85
"1380","2722","538","210",3,23.102,4.43,0.92,7.5,185
"1381","2723","1895","201",1.5,9.426,15.58,4.86,7.5,75
"1382","2724","1895","390",1.5,9.148,28.68,9.86,7.5,73
"1383","2725","431","1886",2,14.091,12.76,2.06,7.5,113
"1384","2726","1886","531",2,13.914,8.55,1.1,7.71,108
"1385","2727","1214","1212",2.5,23.104,3.94,0.62,7.5,185
"1386","2728","1396","538",2.5,19.145,2.24,0.79,7.5,153
"1387","2731","105","1904",1.5,12.955,4.91,1.22,7.97,98
"1388","2732","106","1904",1.5,9.341,7.43,2.08,8.79,64
"1389","2733","465","1905",1.75,10.439,0.85,0.26,8.86,71
"1390","2734","465","1844",1,8.987,1.05,0.2,9.3,58
"1391","2735","1844","1232",1,8.809,10.12,1.69,9.09,58
"1392","2736","1905","55",1,6.353,2.23,0.36,10.08,38
"1393","2737","1665","1884",1.5,11.67,8.41,2.11,8.08,87
"1394","2738","34","1884",1.5,9.229,6.79,1.71,8.95,62
"1395","2739","1586","1845",1.5,11.272,10.04,3.5,7.5,90
"1396","2740","1587","1845",1,8.206,5.08,1.78,9.24,53
"1397","2741","1846","33",2,14.982,32.67,7.59,7.5,120
"1398","2742","1848","1847",2,14.087,24.39,4.47,7.5,113
"1399","2743","1849","1848",1.5,10.752,15.19,4.24,7.5,86
"1400","2744","1850","1849",2,12.912,28.59,8.4,7.5,103
"1401","2745","1914","1850",2,16.749,47.56,12.76,7.5,134
"1402","2746","1914","1851",2.5,6.66,43.55,10.61,7.5,53
"1403","2747","1906","1852",1.5,10.288,34.09,13.5,7.5,82
"1404","2748","1906","1853",2,10.829,53.69,14.21,7.5,87
"1405","2749","1853","1854",1.5,9.874,36.31,11.93,7.5,79
"1406","2750","1855","1854",1.5,12.14,21.19,2.87,7.59,96
"1407","2751","1907","1855",1.5,11.429,14,3.34,7.55,91
"1408","2752","1907","131",1.5,15.21,13.17,2.6,7.5,122
"1409","2753","1856","202",2.5,19.578,17.86,3.79,7.5,157
"1410","2754","1856","1908",3.25,16.23,25.52,6.1,7.5,130
"1411","2755","915","1908",1.75,14.126,31.67,7.57,7.5,113
"1412","2756","1857","157",2.5,11.834,4.17,1.38,8.27,86
"1413","2757","1858","1857",1,14.422,5.01,1.46,7.5,115
"1414","2758","1859","1858",2,15.659,10.65,2.34,7.5,125
"1415","2759","1859","1854",2,16.26,18.31,2.99,7.5,130
"1416","2760","1748","1425",2,15.719,25.74,6.8,7.5,126
"1417","2761","1426","1425",2,10.763,32.16,10.11,7.5,86
"1418","2762","1909","589",1.5,8.445,10.82,3.33,8.45,60
"1419","2763","1909","590",2.5,9.309,6.38,2.35,8.69,64
"1420","2764","1909","465",3,20.568,15.89,3.33,7.5,165
"1421","2765","229","225",2.25,16.917,7.23,1.33,7.5,135
"1422","2766","823","505",2,17.405,9.97,1.34,7.5,139
"1423","2767","177","1860",1,12.594,41.28,6.71,7.5,101
"1424","2768","1861","1860",1.5,5.708,36.12,11.52,7.5,46
"1425","2769","1862","1861",1.25,13.507,10.95,2.2,7.5,108
"1426","2770","1943","1862",1.25,6.179,33.97,11.41,7.5,49
"1427","2771","1910","1876",1.5,11.975,15.93,4.52,7.5,96
"1428","2772","1876","1863",1.5,8.64,36.58,10.24,7.5,69
"1429","2773","1943","1863",1.25,9.756,63.32,17.14,7.5,78
"1430","2774","1864","1910",1.75,11.329,20.39,7.33,7.5,91
"1431","2775","1865","1864",1.75,15.78,26.21,5.25,7.5,126
"1432","2776","1911","1865",1.75,16.443,18.47,4.94,7.5,132
"1433","2777","1911","1866",2,13.212,19.85,2.71,7.5,106
"1434","2778","1867","1866",1.5,13.857,21.55,2.52,7.5,111
"1435","2779","1912","1867",1.5,9.252,36.61,11.49,7.5,74
"1436","2780","1912","1868",1.5,11.263,11.28,2.35,8.1,83
"1437","2781","1913","1870",2,11.591,26.7,5.24,7.5,93
"1438","2782","1913","1869",1.5,10.267,28.39,9.54,7.5,82
"1439","2783","1869","1868",1.5,11.326,22.84,8.36,7.5,91
"1440","2784","1872","1871",2.5,16.289,30.41,5.86,7.5,130
"1441","2785","1871","1870",2.5,13.534,21.28,4.95,7.5,108
"1442","2786","1872","457",2.5,17.27,44.45,7.52,7.5,138
"1443","2787","1875","48",2.25,17.261,19.91,5.46,7.5,138
"1444","2788","1875","1874",1.5,11.226,23.82,4.14,7.5,90
"1445","2789","1874","1873",1.75,16.123,12.25,2.17,7.5,129
"1446","2790","1873","1870",2.5,17.804,17.38,5.32,7.5,142
"1447","2791","1090","1887",2,15.18,1.44,0.32,7.5,121
"1448","2792","1150","1887",2.25,17.408,11.15,2.32,7.5,139
"1449","2793","1152","372",2.5,19.828,33.44,10.07,7.5,159
"1450","2794","1877","1138",1.5,12.672,5.35,1.18,8.07,94
"1451","2795","1877","1140",1.5,10.4,3.75,1.57,8.65,72
"1452","2796","816","367",4.5,22.184,2.91,0.28,7.5,177
"1453","2797","1806","1135",2,17.621,15.3,2.3,7.5,141
"1454","2798","1806","688",1.5,12.487,16.64,3.35,7.5,100
"1455","2799","1909","1230",3,17.031,14.2,1.52,7.5,136
"1456","2800","1231","55",2.5,10.823,6.38,0.69,8.71,75
"1457","2801","1878","462",2,11.61,49.55,18.05,7.5,93
"1458","2802","1878","891",2.5,19.192,14.94,2.8,7.5,154
"1459","2803","1879","794",2,16.703,5.74,1.25,7.5,134
"1460","2804","2211","1879",2,17.011,3.19,1.03,7.5,136
"1461","2805","1881","1880",1.5,11.165,9.64,2.9,7.87,85
"1462","2806","1880","1007",2,16.618,10.12,1.72,7.5,133
"1463","2807","327","1881",1.5,12.021,5.05,1.54,8.17,88
"1464","2808","111","1385",3.5,28.44,16.06,1.59,7.5,228
"1465","2809","116","324",2,19.378,5.39,1.09,7.5,155
"1466","2810","1881","1461",2,15.505,11,1.7,7.5,124
"1467","2811","1881","323",2.5,18.507,5.46,1.71,7.5,148
"1468","2812","1001","982",2.5,13.789,3.31,0.69,7.82,106
"1469","2813","1882","1109",1.5,12.356,15,3.38,7.5,99
"1470","2814","1882","378",1.25,8.633,8.8,1.37,9.23,56
"1471","2815","1335","101",1,8.768,11.75,3.12,8.47,62
"1472","2816","1329","1319",1.75,12.185,17.15,5.14,7.5,97
"1473","2817","1896","1471",1.5,10.021,15.74,2.82,8.25,73
"1474","2818","1896","893",1.5,9.571,9.85,3.17,8.2,70
"1475","2819","1347","388",3,20.132,24.85,5.1,7.5,161
"1476","2820","1642","196",2.5,17.069,25,4.41,7.5,137
"1477","2821","1883","378",2.25,18.24,0.7,0.16,7.5,146
"1478","2822","1756","1883",2.5,18.507,0.59,0.2,7.5,148
"1479","2823","770","179",4.5,30.322,41.11,9.28,7.5,243
"1480","2824","1698","1105",1.75,13.246,3.2,1.07,7.92,100
"1481","2825","1836","514",1.5,13.274,9.36,2.36,7.5,106
"1482","2826","1834","514",2,15.804,8.32,0.74,7.5,126
"1483","2827","514","502",2.5,16.211,5.32,1.24,7.5,130
"1484","2828","2227","1835",2,18.087,11.13,3.24,7.5,145
"1485","2829","2227","342",2,14.649,14.96,2.26,7.5,117
"1486","2831","2228","1268",1.5,10.784,2.38,0.4,8.75,74
"1487","2832","2228","185",2.5,22.558,3.06,0.4,7.5,180
"1488","2833","1801","1703",2.5,16.371,11.3,1.04,7.5,131
"1489","2834","2229","1758",1.75,23.703,60.78,18.12,7.5,190
"1490","2835","2229","1757",1.75,13.923,53.52,16.8,7.5,111
"1491","2836","2230","225",2.5,16.07,4.62,0.46,7.5,129
"1492","2837","2230","228",1.25,12.077,7.58,1.79,8.07,90
"1493","2838","1802","16",1.5,12.095,6.3,1.17,8.24,88
"1494","2839","1066","16",1.5,20.906,8.98,2.14,7.5,167
"1495","2840","35","1846",2.5,18.481,33.89,6.1,7.5,148
"1496","2841","2238","140",2,12.008,8.65,2.59,7.77,93
"1497","2842","2238","1792",2,15.239,9.16,2.7,7.5,122
"1498","2843","2237","1199",2.5,9.017,17.47,5.35,7.5,72
"1499","2844","2237","216",2.5,15.458,25.02,5.85,7.5,124
"1500","2845","68","2240",2,11.654,24,7.35,7.5,93
"1501","2846","1847","2240",2,17.924,15.25,3.71,7.5,143
"1502","2847","2239","1851",1.5,7.949,40.41,12.32,7.5,64
"1503","2848","2239","1852",1.5,7.431,42.41,10.95,7.5,59
"1504","2849","77","2236",2,15.858,3.83,0.47,7.5,127
"1505","2850","2236","1172",2,12.881,2.45,0.56,8.11,95
"1506","2851","246","244",2,15.983,9.8,3.19,7.5,128
"1507","2852","420","2234",2,12.716,13.96,2.02,7.8,98
"1508","2853","11","2234",1.5,10.93,13.14,3.79,7.5,87
"1509","3276","1598","1431",NA,1.897,9.94,4.54,9.61,12
"1510","3465","2252","1776",1.5,10.969,1.34,0.34,8.7,76
"1511","3466","2252","1897",1,9.065,1.83,0.45,9.26,59
"1512","3468","2254","1815",1.5,6.961,52.82,15.25,7.5,56
"1513","3469","2254","2253",2,8.751,64.66,13.33,7.5,70
"1514","3474","2257","232",1.75,13.072,8.92,0.74,8.03,98
"1515","3475","2257","1571",2,10.126,0.51,0.17,8.96,68
"1516","3476","2258","972",2.25,17.117,16.43,2.62,7.5,137
"1517","3477","2258","1520",2,16.621,11.16,2.43,7.5,133
"1518","3484","2262","408",1.5,14.385,5.07,1.08,7.57,114
"1519","3485","2262","1239",1,5.412,3.63,1.4,10.19,32
"1520","3486","2263","1506",2.5,20.606,12.19,2.56,7.5,165
"1521","3487","1508","2263",2.25,15.766,12.19,3.05,7.5,126
"1522","3508","289","2267",1.75,14.937,2.76,0.5,7.5,119
"1523","3509","2268","2267",2.75,17.158,0.85,0.48,7.5,137
"1524","3511","376","2269",1.5,11.734,4.72,1.87,8.15,86
"1525","3512","528","2269",1.5,11.774,0,0,8.47,83
"1526","3516","1055","2271",1.75,13.576,0,0,7.93,103
"1527","3517","2271","853",1,5.087,0,0,10.47,29
"1528","3521","507","2273",NA,7.521,0,0,9.74,46
"1529","3523","2275","2274",2.75,19.506,0,0,7.5,156
"1530","3524","2275","1606",2.5,16.975,0,0,7.5,136
"1531","3527","2277","1083",2,16.038,11.3,2.03,7.5,128
"1532","3528","2277","510",1.5,8.265,0,0,9.52,52
"1533","3530","2278","277",1.5,17.348,13.94,2.63,7.5,139
"1534","3531","814","2278",1.75,11.241,0,0,8.63,78
"1535","3532","1539","2279",1.5,10.852,11.17,3.84,7.5,87
"1536","3533","1538","2279",1.5,12.352,9.81,2.69,7.62,97
"1537","3535","1753","867",2,18.853,7.73,1.67,7.5,151
"1538","3536","1772","2273",NA,12.778,0,0,8.17,94
"1539","3537","2269","1099",1.5,9.354,0,0,9.19,61
"1540","3538","293","2268",2.75,19.407,0.97,0.16,7.5,155
"1541","3572","2302","36",1.5,13.927,12.19,4.53,7.5,111
"1542","3573","2302","2274",1.5,12.128,0,0,8.36,87
"1543","3574","2303","1824",3.25,18.251,0,0,7.5,146
"1544","3581","2303","1606",2.5,19.731,0,0,7.5,158
"1545","3617","2338","1143",2,12.283,0,0,8.32,89
"1546","3620","2341","2338",2,13.852,0,0,7.84,106
"1547","3621","1842","2341",2,12.178,0,0,8.35,88
"1548","3626","2345","1842",3,21.326,0,0,7.5,171
"1549","3627","2345","1843",2,16.957,0,0,7.5,136
"1550","3630","2350","1843",3,14.254,0,0,7.72,111
"1551","3638","1212","128",2.75,23.655,1.82,0.34,7.5,189
"1552","3639","834","119",2.5,17.936,9.39,1.61,7.5,143
"1553","3640","528","2350",2,16.74,0,0,7.5,134
"1554","3642","509","2267",1.75,19.314,0,0,7.5,155
"1555","3917","1571","754",1,4.441,0.31,0.09,10.67,25
